ad_id,brand,country,format,start_date,days_running,likely_winner,creative_group,variations,cta,headline,copy,video_transcript,hook,angle,offer,awareness,cta_strength,ugc,destination,ad_library_url,note
1755083185908815,10%,ALL,video,2026-08-06,55,True,10%-01,1,Install now,"L'appli qui te rembourse, sans rien changer à tes habitudes","17€ : c'est ce que gagnent les utilisateurs de l'appli 10% chaque mois en moyenne. Télécharge l'appli, envoie ton ticket et encaisse 🤑","Si tu fais tes courses sans utiliser cette application, tu laisses littéralement de l'argent sur la table. Je reviens juste du supermarché et au lieu de ranger mes courses directement. En 10 secondes pour apporter mon ticket numérique.",pain_point,pain,direct_offer,problem_aware,3,yes,http://play.google.com/store/apps/details?id=com.dixpourcent.app,https://www.facebook.com/ads/library/?id=1755083185908815,
2950628761988298,10%,ALL,video,2026-08-06,55,True,10%-02,2,Install now,Gagne jusqu'à 61€/mois,"10% c'est la nouvelle application de cashback qui change vraiment ton quotidien !
Envoie tes tickets de caisse sur l'app, et fais-toi rembourser 10% sur plus de 1 300 produits éligibles 🤩","Vous savez que faire tes courses, ça pouvait te rapporter de l'argent. Sun, Gallia, Président, Activia, Bonduel. C'est un tout petit aperçu des marques qui sont sur l'application 10%. Télécharge l'application des marques.",question,desire,direct_offer,solution_aware,3,yes,http://itunes.apple.com/app/id6554003113,https://www.facebook.com/ads/library/?id=2950628761988298,
1048457761266961,10%,ALL,video,2026-08-06,55,True,10%-03,1,Install now,Gagne jusqu'à 61€/mois,"10% c'est la nouvelle application de cashback qui change vraiment ton quotidien !
Envoie tes tickets de caisse sur l'app, et fais-toi rembourser 10% sur plus de 1 300 produits éligibles 🤩",Créer une boîte qui s'appelle 10% c'est une application de cashback qui permet de redonner du pouvoir d'achat au consommateur. Nous on veut vraiment être l'application de fidélité numéro 1 en Europe mais de fidélité c'est pas du coup.,bold_claim,authority,direct_offer,solution_aware,3,no,http://itunes.apple.com/app/id6554003113,https://www.facebook.com/ads/library/?id=1048457761266961,
1041985764905720,10%,ALL,video,2026-08-06,55,True,10%-14,1,Install now,"L'appli qui te rembourse, sans rien changer à tes habitudes","17€ : c'est ce que gagnent les utilisateurs de l'appli 10% chaque mois en moyenne. Télécharge l'appli, envoie ton ticket et encaisse 🤑","Et si je te disais que ton ticket de drive n'était pas seulement une facture mais une occasion de récupérer des fonds, je m'explique. Bon quand t'es maman, le drive c'est déjà un vrai gain de temps et avec",question,desire,direct_offer,solution_aware,3,yes,http://play.google.com/store/apps/details?id=com.dixpourcent.app,https://www.facebook.com/ads/library/?id=1041985764905720,
1097776529578253,10%,ALL,video,2026-08-06,55,True,10%-15,1,Install now,Gagne jusqu'à 65€/mois,"10% c'est la nouvelle application de cashback qui change vraiment ton quotidien !
Envoie tes tickets de caisse sur l'app, et fais-toi rembourser 10% sur plus de 1 500 produits éligibles 🤩","Si t'as pas la dix pour cent, arrête de scroller. Tu savais que faire tes courses, ça pouvait te rapporter de l'argent. C'est super simple. Tu télécharges dix pour cent, tu scannes ton ticket-case ou tu connectes ton compte enseigne. L'application détecte.",curiosity,curiosity,direct_offer,solution_aware,3,yes,http://itunes.apple.com/app/id6554003113,https://www.facebook.com/ads/library/?id=1097776529578253,
1017893254456593,10%,ALL,video,2026-08-09,52,True,10%-08,1,Install now,Gagne jusqu'à 61€/mois,"10% c'est la nouvelle application de cashback qui change vraiment ton quotidien !
Envoie tes tickets de caisse sur l'app, et fais-toi rembourser 10% sur plus de 1 300 produits éligibles 🤩","Ma sauce soja, mon lit de coco, en vrai avant je m'en fissais un peu de la marque. Maintenant j'ai découvert 10%, c'est Suzy One obligatoirement, parce que je récupère 10% sur mes achats à chaque passage en caisse. Et c'est pareil les carap...",curiosity,desire,direct_offer,solution_aware,3,yes,http://itunes.apple.com/app/id6554003113,https://www.facebook.com/ads/library/?id=1017893254456593,
1515266363702389,10%,ALL,static,2026-08-13,48,True,10%-23,1,Install now,10% remboursés sur Blédina & Gallia,"Le lait Gallia qui part en 4 jours, les petits pots Blédina rachetés par packs… Bonne nouvelle : grâce à l'app 10%, tu récupères 10% sur ces marques en envoyant simplement ton ticket de caisse 🩵",,pain_point,pain,direct_offer,problem_aware,3,no,http://play.google.com/store/apps/details?id=com.dixpourcent.app,https://www.facebook.com/ads/library/?id=1515266363702389,
1747456316564705,10%,ALL,video,2026-08-14,47,True,10%-07,2,Install now,10% remboursés sur Gallia & Blédina,"Le lait Gallia qui part en 4 jours, les petits pots Blédina rachetés par packs… Bonne nouvelle : grâce à l'app 10%, tu récupères 10% sur ces marques en envoyant simplement ton ticket de caisse 🩵","Personne ne m'avait dit qu'on pourrait se faire rembourser une partie de rayons de bébé. Puis que j'utilise l'application de 10%, jusqu'à que je scanne tous mes tickets de caisse, je les envoie sur l'application, ça détecte automatiquement les produits du GIP et je récupère 10% de caisse bas...",curiosity,desire,direct_offer,solution_aware,3,yes,https://apps.apple.com/app/id6554003113,https://www.facebook.com/ads/library/?id=1747456316564705,
3349861901981941,10%,ALL,video,2026-08-14,47,True,10%-07,2,Install now,10% remboursés sur Gallia & Blédina,"Le lait Gallia qui part en 4 jours, les petits pots Blédina rachetés par packs… Bonne nouvelle : grâce à l'app 10%, tu récupères 10% sur ces marques en envoyant simplement ton ticket de caisse 🩵","Personne ne m'avait dit qu'on pourrait se faire rembourser une partie de rayons de bébé. Puis que j'utilise l'application de 10%, jusqu'à que je scanne tous mes tickets de caisse, je les envoie sur l'application, ça détecte automatiquement les produits du GIP et je récupère 10% de caisse bas...",curiosity,desire,direct_offer,solution_aware,3,yes,https://play.google.com/store/apps/details?id=com.dixpourcent.app,https://www.facebook.com/ads/library/?id=3349861901981941,
4416243648642416,10%,ALL,video,2026-08-14,47,True,10%-20,1,Install now,Blédina & Gallia : 10% dans ta poche,"Le lait Gallia qui part en 4 jours, les petits pots Blédina rachetés par packs… Bonne nouvelle : grâce à l'app 10%, tu récupères 10% sur ces marques en envoyant simplement ton ticket de caisse 🩵","Depuis que ma finale, les tickets de courson arrivent entre eux, les goûter, les p'tits coups, les couches, les infantiles, ça l'arrête. Depuis que j'utilise l'application 10%, jusqu'à tout mes tickets de caisse, je les emmache à l'application, ça...",pain_point,desire,direct_offer,solution_aware,3,yes,https://apps.apple.com/app/id6554003113,https://www.facebook.com/ads/library/?id=4416243648642416,
1602561697918330,10%,ALL,video,2026-08-18,43,True,10%-11,1,Install now,Gagne jusqu'à 61€/mois,"10% c'est la nouvelle application de cashback qui change vraiment ton quotidien !
Envoie tes tickets de caisse sur l'app, et fais-toi rembourser 10% sur plus de 1 300 produits éligibles 🤩","Gallia, Président, Activia, Conduel, c'est un tout petit aperçu des marques qui sont sur l'application 10%. 10% va te rembourser 10% du montant des produits éligibles sur l'application.",curiosity,desire,direct_offer,solution_aware,3,yes,http://itunes.apple.com/app/id6554003113,https://www.facebook.com/ads/library/?id=1602561697918330,
1383203916722218,10%,ALL,video,2026-08-19,42,True,10%-05,1,Install now,,"LE bon plan pour les parents qui veulent économiser !
- Collaboration Commerciale - @10pourcent_fr 

➡️ 10% : l’appli qui aide les familles à faire des économies sur les produits qu’elles achètent déjà.

🍼 Lait infantile, petits pots, lessives, produits d’hygiène, etc.

🇫🇷 Une appli 100% Gratuite, Made in France, sécurisée, et aucune information bancaire n’est enregistrée !
_______________________________
#bonplanmaman #economies #bébé #cashback #astuceparents",,bold_claim,desire,direct_offer,solution_aware,3,unknown,http://itunes.apple.com/app/id6554003113,https://www.facebook.com/ads/library/?id=1383203916722218,
1767327881118213,10%,ALL,video,2026-08-21,40,True,10%-16,2,Install now,"L'appli qui te rembourse, sans rien changer à tes habitudes","17€ : c'est ce que gagnent les utilisateurs de l'appli 10% chaque mois en moyenne. Télécharge l'appli, envoie ton ticket et encaisse 🤑","Attends mais on peut se faire rembourser les épices maintenant ? Trop bien ! Je me lance tout de suite dans la préparation de frites maison Avec les épices Fouks spécialères frayeurs Et pour encore plus de saveurs, j'ai utilisé le spray basilique et le spray de super pratique",curiosity,desire,direct_offer,solution_aware,3,yes,http://itunes.apple.com/app/id6554003113,https://www.facebook.com/ads/library/?id=1767327881118213,
2474217836392533,10%,ALL,video,2026-08-21,40,True,10%-16,2,Install now,"L'appli qui te rembourse, sans rien changer à tes habitudes","17€ : c'est ce que gagnent les utilisateurs de l'appli 10% chaque mois en moyenne. Télécharge l'appli, envoie ton ticket et encaisse 🤑","Attends mais on peut se faire rembourser les épices maintenant ? Trop bien ! Je me lance tout de suite dans la préparation de frites maison Avec les épices Fouks spécialères frayeurs Et pour encore plus de saveurs, j'ai utilisé le spray basilique et le spray de super pratique",curiosity,desire,direct_offer,solution_aware,3,yes,http://play.google.com/store/apps/details?id=com.dixpourcent.app,https://www.facebook.com/ads/library/?id=2474217836392533,
1042293275318418,10%,ALL,video,2026-08-21,40,True,10%-21,1,Install now,,"Et si vos courses vous rapportaient de l’argent ? 👀💸

Avec l’app 10% @10pourcent_fr vous pouvez profiter de remboursements sur plein de marques du quotidien : Fuchs, CIF, Fleury Michon, Danette… 🛒✨

Le principe est simple :
🛍️ Vous faites vos courses
🧾 Vous envoyez votre ticket de caisse directement après
💸 Et vous récupérez 10% sur les produits éligibles

Franchement, si je peux récupérer de l’argent sur des produits que j’achète déjà… je prends 😂

#10pourcent #app10% #fuchs #recette #bonplan @epices_fuchs
***publicité***","J'adorerais déjà les frites, me leur avais ces épices-là. Je me lance tout de suite dans la préparation de frites maison. Avec les épices Fouks spécialaires frayeurs. Et pour encore plus de saveurs, j'ai utilisé le spray basilique et le spray de super pratique.",question,desire,direct_offer,solution_aware,3,yes,http://itunes.apple.com/app/id6554003113,https://www.facebook.com/ads/library/?id=1042293275318418,
1776598300129866,10%,ALL,video,2026-08-21,40,True,10%-21,1,Install now,,"Et si vos courses vous rapportaient de l’argent ? 👀💸

Avec l’app 10% @10pourcent_fr vous pouvez profiter de remboursements sur plein de marques du quotidien : Fuchs, CIF, Fleury Michon, Danette… 🛒✨

Le principe est simple :
🛍️ Vous faites vos courses
🧾 Vous envoyez votre ticket de caisse directement après
💸 Et vous récupérez 10% sur les produits éligibles

Franchement, si je peux récupérer de l’argent sur des produits que j’achète déjà… je prends 😂

#10pourcent #app10% #fuchs #recette #bonplan @epices_fuchs
***publicité***","J'adorerais déjà les frites, me leur avais ces épices-là. Je me lance tout de suite dans la préparation de frites maison. Avec les épices Fouks spécialaires frayeurs. Et pour encore plus de saveurs, j'ai utilisé le spray basilique et le spray de super pratique.",question,desire,direct_offer,solution_aware,3,yes,http://play.google.com/store/apps/details?id=com.dixpourcent.app,https://www.facebook.com/ads/library/?id=1776598300129866,
1606336420898738,10%,ALL,video,2026-08-31,30,True,10%-18,1,Install now,"L'appli qui te rembourse, sans rien changer à tes habitudes","17€ : c'est ce que gagnent les utilisateurs de l'appli 10% chaque mois en moyenne. Télécharge l'appli, envoie ton ticket et encaisse 🤑","Regarde tous ces produits, toutes ces marques. Je les ai déjà achetés. Si oui, n'hésite pas à télécharger l'application 10%. C'est totalement gratuit et ça va te faire gagner plein d'argent.",question,desire,direct_offer,solution_aware,3,yes,http://play.google.com/store/apps/details?id=com.dixpourcent.app,https://www.facebook.com/ads/library/?id=1606336420898738,
1763801384747472,10%,ALL,video,2026-09-13,17,False,10%-02,2,Install now,Gagne jusqu'à 61€/mois,"10% c'est la nouvelle application de cashback qui change vraiment ton quotidien !
Envoie tes tickets de caisse sur l'app, et fais-toi rembourser 10% sur plus de 1 300 produits éligibles 🤩","Vous savez que faire tes courses, ça pouvait te rapporter de l'argent. Sun, Gallia, Président, Activia, Bonduel. C'est un tout petit aperçu des marques qui sont sur l'application 10%. Télécharge l'application des marques.",question,desire,direct_offer,solution_aware,3,yes,http://itunes.apple.com/app/id6554003113,https://www.facebook.com/ads/library/?id=1763801384747472,
1083980617378378,10%,ALL,video,2026-09-14,16,False,10%-19,1,Install now,Gagne jusqu'à 61€/mois,"10% c'est la nouvelle application de cashback qui change vraiment ton quotidien !
Envoie tes tickets de caisse sur l'app, et fais-toi rembourser 10% sur plus de 1 300 produits éligibles 🤩",C'est 5€ ? Mais c'est ridicule ! Tu sais qu'avec 10% tu peux gagner de l'argent sans tes courses tous les mois ? Plus de 60€ chaque mois ! Alors t'es les charge 10% !,curiosity,desire,direct_offer,solution_aware,3,yes,http://itunes.apple.com/app/id6554003113,https://www.facebook.com/ads/library/?id=1083980617378378,
1381609894180131,10%,ALL,video,2026-09-14,16,False,10%-24,1,Install now,L'app qui te rembourse tes courses,"Je rentre de mes courses, j'envoie mon ticket sur l'app 10%… et mes produits Le Petit Basque me rapportent du vrai cash. Pas des points, des euros à retirer dès 9€. L'app est gratuite 👇","Mais comment ça tu te fais pas rembourser sur tes yaourtes ? Je rentre de mes courses et j'ai pris ça, parce que soyons net, le petit Basque c'est la meilleure chose qu'on trouve au rayon frais. Et ce que tu sais pas c'est si t'envoies ton ticket.",question,desire,direct_offer,solution_aware,3,yes,http://play.google.com/store/apps/details?id=com.dixpourcent.app,https://www.facebook.com/ads/library/?id=1381609894180131,
1789689869023780,10%,ALL,video,2026-09-14,16,False,10%-25,1,Install now,L'app qui te rembourse tes courses,"Je rentre de mes courses, j'envoie mon ticket sur l'app 10%… et mes produits Le Petit Basque me rapportent du vrai cash. Pas des points, des euros à retirer dès 9€. L'app est gratuite 👇","Stop ! T'as pas l'app 10% ? Regarde cette vidéo ! Le petit Bask est sur 10% ! Si t'as encore jamais goûté, c'est les meilleurs produits au lait de brevet ! En ce moment, en participant au challenge Le Petit Bask...",curiosity,desire,direct_offer,solution_aware,3,yes,http://play.google.com/store/apps/details?id=com.dixpourcent.app,https://www.facebook.com/ads/library/?id=1789689869023780,
2393266911203100,10%,ALL,video,2026-09-14,16,False,10%-26,1,Install now,L'app qui te rembourse tes courses,"Je rentre de mes courses, j'envoie mon ticket sur l'app 10%… et mes produits Le Petit Basque me rapportent du vrai cash. Pas des points, des euros à retirer dès 9€. L'app est gratuite 👇","Si t'as pas l'abri pour 100, arrête de scroller. Le petit BESK est sur 10%. Si t'as encore jamais goûté, c'est les meilleurs produits au lait de brebis. En ce moment, en participant au challenge le petit BESK...",curiosity,curiosity,direct_offer,solution_aware,3,yes,http://play.google.com/store/apps/details?id=com.dixpourcent.app,https://www.facebook.com/ads/library/?id=2393266911203100,
1674124598054463,10%,ALL,static,2026-09-15,15,False,10%-04,1,Install now,On te rembourse tes courses Leclerc,"Tu fais tes courses chez Leclerc ? Tes tickets valent de l'argent.
17€ par mois en moyenne, c'est ce que récupèrent les utilisateurs de 10% sans rien changer à leurs habitudes. Tu fais tes courses, tu envoies ton ticket et on te rembourse 10% sur les plus de 1 600 produits éligibles 😍
Et si tu connectes ton compte Leclerc, tes tickets remontent tout seuls : tu n'as même plus à les scanner.
Pas des points : des euros, à retirer dès 9€ 🤑",,question,desire,direct_offer,solution_aware,3,no,http://play.google.com/store/apps/details?id=com.dixpourcent.app,https://www.facebook.com/ads/library/?id=1674124598054463,
1824921035174903,10%,ALL,static,2026-09-15,15,False,10%-06,1,Install now,17€/mois juste avec tes tickets Intermarché,"Tu fais tes courses chez Intermarché ? Tu peux récupérer 10% dessus.
Pas des points, pas une carte de fidélité de plus : des euros, que tu retires dès 9€. Tu envoies ton ticket de caisse, l'app reconnaît les produits éligibles et te rembourse 10%, c'est tout.
Et si tu connectes ton compte Intermarché, tes tickets remontent tout seuls.
L'app est gratuite 👇",,question,desire,direct_offer,solution_aware,3,no,http://itunes.apple.com/app/id6554003113,https://www.facebook.com/ads/library/?id=1824921035174903,
1636457604852488,10%,ALL,static,2026-09-15,15,False,10%-09,1,Install now,On te rembourse tes courses Intermarché,"Tu fais tes courses chez Intermarché ? Tes tickets valent de l'argent.
17€ par mois en moyenne, c'est ce que récupèrent les utilisateurs de 10% sans rien changer à leurs habitudes. Tu fais tes courses, tu envoies ton ticket et on te rembourse 10% sur les plus de 1 600 produits éligibles 😍
Et si tu connectes ton compte Intermarché, tes tickets remontent tout seuls : tu n'as même plus à les scanner.
Pas des points : des euros, à retirer dès 9€ 🤑",,question,desire,direct_offer,solution_aware,3,no,http://play.google.com/store/apps/details?id=com.dixpourcent.app,https://www.facebook.com/ads/library/?id=1636457604852488,
4386929734890769,10%,ALL,static,2026-09-15,15,False,10%-12,1,Install now,17€/mois juste avec tes tickets Carrefour,"Tu fais tes courses chez Carrefour ? Tu peux récupérer 10% dessus.
Pas des points, pas une carte de fidélité de plus : des euros, que tu retires dès 9€. Tu envoies ton ticket de caisse, l'app reconnaît les produits éligibles et te rembourse 10%, c'est tout.
Et si tu connectes ton compte Carrefour, tes tickets remontent tout seuls.
L'app est gratuite 👇",,question,desire,direct_offer,solution_aware,3,no,http://itunes.apple.com/app/id6554003113,https://www.facebook.com/ads/library/?id=4386929734890769,
3485529698283471,10%,ALL,static,2026-09-15,15,False,10%-13,1,Install now,17€/mois juste avec tes tickets Leclerc,"Tu fais tes courses chez Leclerc ? Tu peux récupérer 10% dessus.
Pas des points, pas une carte de fidélité de plus : des euros, que tu retires dès 9€. Tu envoies ton ticket de caisse, l'app reconnaît les produits éligibles et te rembourse 10%, c'est tout.
Et si tu connectes ton compte Leclerc, tes tickets remontent tout seuls.
L'app est gratuite 👇",,question,desire,direct_offer,solution_aware,3,no,http://itunes.apple.com/app/id6554003113,https://www.facebook.com/ads/library/?id=3485529698283471,
1971125583576903,10%,ALL,static,2026-09-15,15,False,10%-17,1,Install now,On te rembourse tes courses Carrefour,"Tu fais tes courses chez Carrefour ? Tes tickets valent de l'argent.
17€ par mois en moyenne, c'est ce que récupèrent les utilisateurs de 10% sans rien changer à leurs habitudes. Tu fais tes courses, tu envoies ton ticket et on te rembourse 10% sur les plus de 1 600 produits éligibles 😍
Et si tu connectes ton compte Carrefour, tes tickets remontent tout seuls : tu n'as même plus à les scanner.
Pas des points : des euros, à retirer dès 9€ 🤑",,question,desire,direct_offer,solution_aware,3,no,http://play.google.com/store/apps/details?id=com.dixpourcent.app,https://www.facebook.com/ads/library/?id=1971125583576903,
937726128917422,10%,ALL,static,2026-09-17,13,False,10%-13,1,Install now,17€/mois juste avec tes tickets Leclerc,"Tu fais tes courses chez Leclerc ? Tu peux récupérer 10% dessus.
Pas des points, pas une carte de fidélité de plus : des euros, que tu retires dès 9€. Tu envoies ton ticket de caisse, l'app reconnaît les produits éligibles et te rembourse 10%, c'est tout.
Et si tu connectes ton compte Leclerc, tes tickets remontent tout seuls.
L'app est gratuite 👇",,question,desire,direct_offer,solution_aware,3,no,http://itunes.apple.com/app/id6554003113,https://www.facebook.com/ads/library/?id=937726128917422,
1849173209790063,10%,ALL,video,2026-09-20,10,False,10%-22,1,Install now,On te rembourse tes courses Leclerc,"Tu fais tes courses chez Leclerc ? Tes tickets valent de l'argent.
17€ par mois en moyenne, c'est ce que récupèrent les utilisateurs de 10% sans rien changer à leurs habitudes. Tu fais tes courses, tu envoies ton ticket et on te rembourse 10% sur les plus de 1 600 produits éligibles 😍
Et si tu connectes ton compte Leclerc, tes tickets remontent tout seuls : tu n'as même plus à les scanner.
Pas des points : des euros, à retirer dès 9€ 🤑",,question,desire,direct_offer,solution_aware,3,unknown,http://play.google.com/store/apps/details?id=com.dixpourcent.app,https://www.facebook.com/ads/library/?id=1849173209790063,
1396129788764893,10%,ALL,static,2026-09-21,9,False,10%-12,1,Install now,17€/mois juste avec tes tickets Carrefour,"Tu fais tes courses chez Carrefour ? Tu peux récupérer 10% dessus.
Pas des points, pas une carte de fidélité de plus : des euros, que tu retires dès 9€. Tu envoies ton ticket de caisse, l'app reconnaît les produits éligibles et te rembourse 10%, c'est tout.
Et si tu connectes ton compte Carrefour, tes tickets remontent tout seuls.
L'app est gratuite 👇",,question,desire,direct_offer,solution_aware,3,no,http://itunes.apple.com/app/id6554003113,https://www.facebook.com/ads/library/?id=1396129788764893,
1707846323608831,10%,ALL,static,2026-09-29,1,False,10%-09,1,Install now,On te rembourse tes courses Intermarché,"Tu fais tes courses chez Intermarché ? Tes tickets valent de l'argent.
17€ par mois en moyenne, c'est ce que récupèrent les utilisateurs de 10% sans rien changer à leurs habitudes. Tu fais tes courses, tu envoies ton ticket et on te rembourse 10% sur les plus de 1 600 produits éligibles 😍
Et si tu connectes ton compte Intermarché, tes tickets remontent tout seuls : tu n'as même plus à les scanner.
Pas des points : des euros, à retirer dès 9€ 🤑",,question,desire,direct_offer,solution_aware,3,no,http://play.google.com/store/apps/details?id=com.dixpourcent.app,https://www.facebook.com/ads/library/?id=1707846323608831,
1136897252240140,10%,ALL,video,2026-09-29,1,False,10%-10,1,Install now,Gagne jusqu'à 61€/mois,"10% c'est la nouvelle application de cashback qui change vraiment ton quotidien !
Envoie tes tickets de caisse sur l'app, et fais-toi rembourser 10% sur plus de 1 300 produits éligibles 🤩","Avant, je choisis mes lessives en fonction des promos, mais maintenant je prends toujours skip. J'ai skip sur 10% et je sais qu'à chaque achat, je vais canyoter 10% du montant, du produit sur ma canyote.",bold_claim,comparison,direct_offer,solution_aware,3,yes,http://itunes.apple.com/app/id6554003113,https://www.facebook.com/ads/library/?id=1136897252240140,
1253536549521396,Ibotta,US,catalog,2025-06-04,483,True,,1,Download,{{product.name}},{{product.brand}},,,,,,,,http://play.google.com/store/apps/details?id=com.ibotta.android,https://www.facebook.com/ads/library/?id=1253536549521396,"catalog ad (product template, not labeled)"
1157816992561608,Ibotta,US,catalog,2025-11-04,330,True,,1,Install now,{{product.name}},{{product.brand}},,,,,,,,http://itunes.apple.com/app/id559887125,https://www.facebook.com/ads/library/?id=1157816992561608,"catalog ad (product template, not labeled)"
1857512591622421,Ibotta,US,catalog,2026-03-23,191,True,,2,Download,{{product.name}},{{product.brand}},,,,,,,,http://play.google.com/store/apps/details?id=com.ibotta.android,https://www.facebook.com/ads/library/?id=1857512591622421,"catalog ad (product template, not labeled)"
1283369857084715,Ibotta,US,catalog,2026-04-08,175,True,,1,Download,{{product.name}},{{product.brand}},,,,,,,,http://itunes.apple.com/app/id559887125,https://www.facebook.com/ads/library/?id=1283369857084715,"catalog ad (product template, not labeled)"
1327298319499564,Ibotta,US,catalog,2026-06-03,119,True,,1,Download,{{product.name}},{{product.brand}},,,,,,,,http://play.google.com/store/apps/details?id=com.ibotta.android,https://www.facebook.com/ads/library/?id=1327298319499564,"catalog ad (product template, not labeled)"
1495187072400200,Ibotta,US,video,2026-06-11,111,True,Ibotta-05,2,Install now,"Real cash, no confusing points",Earn cash back just by scanning your receipt. Download the free app today.,"We're here on campus asking students how do they save money on travel? For me personally, I like to do a lot of solo backpacking, so I take buses almost everywhere.",question,desire,direct_offer,solution_aware,3,yes,http://itunes.apple.com/app/id559887125,https://www.facebook.com/ads/library/?id=1495187072400200,
1952848965367733,Ibotta,US,video,2026-06-17,105,True,Ibotta-16,2,Download,"Real cash, no confusing points",Earn cash back just by scanning your receipt. Download the free app today.,"We're here on campus asking students how do they save money on travel? For me personally, I like to do a lot of solo backpacking, so I take buses almost everywhere.",question,desire,direct_offer,solution_aware,3,yes,http://play.google.com/store/apps/details?id=com.ibotta.android,https://www.facebook.com/ads/library/?id=1952848965367733,
1977927909498016,Ibotta,US,video,2026-06-23,99,True,Ibotta-06,,Download,"Real cash, no confusing points",Earn cash back just by scanning your receipt. Download the free app today.,"Most people don't realize that this actually cashes out. Wait, you're earning real cash back? I used the I'd bought a app. You scan your receipt and earn cash back on what you buy. And it goes straight to your bank account.",curiosity,desire,direct_offer,solution_aware,3,yes,http://itunes.apple.com/app/id559887125,https://www.facebook.com/ads/library/?id=1977927909498016,
1008844248211104,Ibotta,US,video,2026-06-23,99,True,Ibotta-24,2,Download,"Real cash, no confusing points",Earn cash back just by scanning your receipt. Download the free app today.,"What if the stuff you already buy paid you back? That's basically what I do. I earn cash back on purchases with the Ibotta app. For top users, it can add up to around $422 over the year.",question,desire,direct_offer,solution_aware,3,yes,http://itunes.apple.com/app/id559887125,https://www.facebook.com/ads/library/?id=1008844248211104,
957028054005833,Ibotta,US,video,2026-06-23,99,True,Ibotta-40,2,Download,"Real cash, no confusing points",Earn cash back just by scanning your receipt. Download the free app today.,"Wait, how are you not paying full price? I use the iBOTI app. You scan your receipt and earn cash back on what you buy. And it goes straight to your bank account, not points. So you're not paying full price.",curiosity,desire,direct_offer,solution_aware,3,yes,http://itunes.apple.com/app/id559887125,https://www.facebook.com/ads/library/?id=957028054005833,
1683218412890666,Ibotta,US,catalog,2026-06-23,99,True,,1,Download,{{product.name}},{{product.brand}},,,,,,,,http://itunes.apple.com/app/id559887125,https://www.facebook.com/ads/library/?id=1683218412890666,"catalog ad (product template, not labeled)"
1342066871450492,Ibotta,US,video,2026-07-14,78,True,Ibotta-06,2,Download,"Real cash, no confusing points",Earn cash back just by scanning your receipt. Download the free app today.,"Most people don't realize that this actually cashes out. Wait, you're earning real cash back? I used the I'd bought a app. You scan your receipt and earn cash back on what you buy. And it goes straight to your bank account.",curiosity,desire,direct_offer,solution_aware,3,yes,http://itunes.apple.com/app/id559887125,https://www.facebook.com/ads/library/?id=1342066871450492,
2456917921488849,Ibotta,US,video,2026-07-14,78,True,Ibotta-24,2,Download,"Real cash, no confusing points",Earn cash back just by scanning your receipt. Download the free app today.,"What if the stuff you already buy paid you back? That's basically what I do. I earn cash back on purchases with the Ibotta app. For top users, it can add up to around $422 over the year.",question,desire,direct_offer,solution_aware,3,yes,http://itunes.apple.com/app/id559887125,https://www.facebook.com/ads/library/?id=2456917921488849,
1565815341727172,Ibotta,US,video,2026-07-14,78,True,Ibotta-40,2,Download,"Real cash, no confusing points",Earn cash back just by scanning your receipt. Download the free app today.,"Wait, how are you not paying full price? I use the iBOTI app. You scan your receipt and earn cash back on what you buy. And it goes straight to your bank account, not points. So you're not paying full price.",curiosity,desire,direct_offer,solution_aware,3,yes,http://itunes.apple.com/app/id559887125,https://www.facebook.com/ads/library/?id=1565815341727172,
2904560229877675,Ibotta,US,catalog,2026-07-14,78,True,,1,Download,{{product.name}},{{product.brand}},,,,,,,,http://itunes.apple.com/app/id559887125,https://www.facebook.com/ads/library/?id=2904560229877675,"catalog ad (product template, not labeled)"
1725515095432163,Ibotta,US,catalog,2026-07-14,78,True,,1,Download,{{product.name}},{{product.brand}},,,,,,,,http://itunes.apple.com/app/id559887125,https://www.facebook.com/ads/library/?id=1725515095432163,"catalog ad (product template, not labeled)"
1947909852569150,Ibotta,US,catalog,2026-07-14,78,True,,1,Download,{{product.name}},{{product.brand}},,,,,,,,http://itunes.apple.com/app/id559887125,https://www.facebook.com/ads/library/?id=1947909852569150,"catalog ad (product template, not labeled)"
1038963891866237,Ibotta,US,catalog,2026-07-14,78,True,,1,Download,{{product.name}},{{product.brand}},,,,,,,,http://itunes.apple.com/app/id559887125,https://www.facebook.com/ads/library/?id=1038963891866237,"catalog ad (product template, not labeled)"
1753332819451400,Ibotta,US,catalog,2026-07-14,78,True,,1,Download,{{product.name}},{{product.brand}},,,,,,,,http://itunes.apple.com/app/id559887125,https://www.facebook.com/ads/library/?id=1753332819451400,"catalog ad (product template, not labeled)"
859599463612571,Ibotta,US,catalog,2026-07-14,78,True,,1,Download,{{product.name}},{{product.brand}},,,,,,,,http://itunes.apple.com/app/id559887125,https://www.facebook.com/ads/library/?id=859599463612571,"catalog ad (product template, not labeled)"
1053837390560465,Ibotta,US,catalog,2026-08-11,50,True,,1,Download,{{product.name}},{{product.brand}},,,,,,,,http://play.google.com/store/apps/details?id=com.ibotta.android,https://www.facebook.com/ads/library/?id=1053837390560465,"catalog ad (product template, not labeled)"
1568071708061670,Ibotta,US,catalog,2026-08-11,50,True,,2,Download,{{product.name}},{{product.brand}},,,,,,,,http://play.google.com/store/apps/details?id=com.ibotta.android,https://www.facebook.com/ads/library/?id=1568071708061670,"catalog ad (product template, not labeled)"
1291302810728105,Ibotta,US,catalog,2026-08-11,50,True,,2,Download,{{product.name}},{{product.brand}},,,,,,,,http://play.google.com/store/apps/details?id=com.ibotta.android,https://www.facebook.com/ads/library/?id=1291302810728105,"catalog ad (product template, not labeled)"
1667968634920785,Ibotta,US,catalog,2026-08-18,43,True,,1,Install now,{{product.name}},{{product.brand}},,,,,,,,http://itunes.apple.com/app/id559887125,https://www.facebook.com/ads/library/?id=1667968634920785,"catalog ad (product template, not labeled)"
1347660663764861,Ibotta,US,catalog,2026-08-18,43,True,,2,Download,{{product.name}},{{product.brand}},,,,,,,,http://play.google.com/store/apps/details?id=com.ibotta.android,https://www.facebook.com/ads/library/?id=1347660663764861,"catalog ad (product template, not labeled)"
1269324505208621,Ibotta,US,catalog,2026-08-18,43,True,,1,Download,{{product.name}},{{product.brand}},,,,,,,,http://play.google.com/store/apps/details?id=com.ibotta.android,https://www.facebook.com/ads/library/?id=1269324505208621,"catalog ad (product template, not labeled)"
1085147697528468,Ibotta,US,catalog,2026-08-18,43,True,,2,Download,{{product.name}},{{product.brand}},,,,,,,,http://play.google.com/store/apps/details?id=com.ibotta.android,https://www.facebook.com/ads/library/?id=1085147697528468,"catalog ad (product template, not labeled)"
1599225851724677,Ibotta,US,catalog,2026-08-18,43,True,,,Download,{{product.name}},{{product.brand}},,,,,,,,http://play.google.com/store/apps/details?id=com.ibotta.android,https://www.facebook.com/ads/library/?id=1599225851724677,"catalog ad (product template, not labeled)"
1440855371428947,Ibotta,US,video,2026-08-19,42,True,Ibotta-09,4,Download,"Real cash, no confusing points",Earn cash back just by scanning your receipt. Download the free app today.,"Quick question, do you have any trips coming up this year? This is my trip. This is your trip? That's so cool. So New York City, have you ever been here before? Yeah, I've been. The trips that I wanted to go to was probably Mecca.",question,desire,direct_offer,solution_aware,3,yes,http://itunes.apple.com/app/id559887125,https://www.facebook.com/ads/library/?id=1440855371428947,
2595033187591807,Ibotta,US,video,2026-08-19,42,True,Ibotta-09,,Download,"Real cash, no confusing points",Earn cash back just by scanning your receipt. Download the free app today.,"Quick question, do you have any trips coming up this year? This is my trip. This is your trip? That's so cool. So New York City, have you ever been here before? Yeah, I've been. The trips that I wanted to go to was probably Mecca.",question,desire,direct_offer,solution_aware,3,yes,http://itunes.apple.com/app/id559887125,https://www.facebook.com/ads/library/?id=2595033187591807,
914029454627266,Ibotta,US,video,2026-08-19,42,True,Ibotta-37,,Download,"Real cash, no confusing points",Earn cash back just by scanning your receipt. Download the free app today.,"Hi, quick question. What's the last thing you spend money on? Joe and the juice. I pay for babysitting and nanny's shirt. Bag. A hat from Melbourne. What if I told you you could get cash-",question,desire,direct_offer,solution_aware,3,yes,http://itunes.apple.com/app/id559887125,https://www.facebook.com/ads/library/?id=914029454627266,
1555437959400348,Ibotta,US,video,2026-08-19,42,True,Ibotta-37,5,Download,"Real cash, no confusing points",Earn cash back just by scanning your receipt. Download the free app today.,"Hi, quick question. What's the last thing you spend money on? Joe and the juice. I pay for babysitting and nanny's shirt. Bag. A hat from Melbourne. What if I told you you could get cash-",question,desire,direct_offer,solution_aware,3,yes,http://itunes.apple.com/app/id559887125,https://www.facebook.com/ads/library/?id=1555437959400348,
1784641446051316,Ibotta,US,static,2026-09-08,22,False,Ibotta-02,1,Shop now,,How we’re feeling…,,curiosity,curiosity,none,product_aware,0,no,http://play.google.com/store/apps/details?id=com.ibotta.android,https://www.facebook.com/ads/library/?id=1784641446051316,
2594197901028599,Ibotta,US,video,2026-09-08,22,False,Ibotta-09,2,Download,"Real cash, no confusing points",Earn cash back just by scanning your receipt. Download the free app today.,"Quick question, do you have any trips coming up this year? This is my trip. This is your trip? That's so cool. So New York City, have you ever been here before? Yeah, I've been. The trips that I wanted to go to was probably Mecca.",question,desire,direct_offer,solution_aware,3,yes,http://itunes.apple.com/app/id559887125,https://www.facebook.com/ads/library/?id=2594197901028599,
1418508016862364,Ibotta,US,video,2026-09-08,22,False,Ibotta-09,2,Download,"Real cash, no confusing points",Earn cash back just by scanning your receipt. Download the free app today.,"Quick question, do you have any trips coming up this year? This is my trip. This is your trip? That's so cool. So New York City, have you ever been here before? Yeah, I've been. The trips that I wanted to go to was probably Mecca.",question,desire,direct_offer,solution_aware,3,yes,http://itunes.apple.com/app/id559887125,https://www.facebook.com/ads/library/?id=1418508016862364,
1098560569791808,Ibotta,US,video,2026-09-08,22,False,Ibotta-09,4,Download,"Real cash, no confusing points",Earn cash back just by scanning your receipt. Download the free app today.,"Quick question, do you have any trips coming up this year? This is my trip. This is your trip? That's so cool. So New York City, have you ever been here before? Yeah, I've been. The trips that I wanted to go to was probably Mecca.",question,desire,direct_offer,solution_aware,3,yes,http://play.google.com/store/apps/details?id=com.ibotta.android,https://www.facebook.com/ads/library/?id=1098560569791808,
2163397114611541,Ibotta,US,video,2026-09-08,22,False,Ibotta-09,4,Download,"Real cash, no confusing points",Earn cash back just by scanning your receipt. Download the free app today.,"Quick question, do you have any trips coming up this year? This is my trip. This is your trip? That's so cool. So New York City, have you ever been here before? Yeah, I've been. The trips that I wanted to go to was probably Mecca.",question,desire,direct_offer,solution_aware,3,yes,http://play.google.com/store/apps/details?id=com.ibotta.android,https://www.facebook.com/ads/library/?id=2163397114611541,
1355158196372990,Ibotta,US,video,2026-09-08,22,False,Ibotta-34,5,Download,"Real cash, no confusing points",Earn cash back just by scanning your receipt. Download the free app today.,"What's the most you've, like, ever overpaid on a flight or a hotel? 20? I don't know, more than a thousand. Two thousand though? I just arrived, like, two days ago, and my first spending was 100.",question,pain,direct_offer,problem_aware,3,yes,http://itunes.apple.com/app/id559887125,https://www.facebook.com/ads/library/?id=1355158196372990,
1873692596717958,Ibotta,US,video,2026-09-08,22,False,Ibotta-34,5,Download,"Real cash, no confusing points",Earn cash back just by scanning your receipt. Download the free app today.,"What's the most you've, like, ever overpaid on a flight or a hotel? 20? I don't know, more than a thousand. Two thousand though? I just arrived, like, two days ago, and my first spending was 100.",question,pain,direct_offer,problem_aware,3,yes,http://play.google.com/store/apps/details?id=com.ibotta.android,https://www.facebook.com/ads/library/?id=1873692596717958,
1031131733271810,Ibotta,US,video,2026-09-08,22,False,Ibotta-34,5,Download,"Real cash, no confusing points",Earn cash back just by scanning your receipt. Download the free app today.,"What's the most you've, like, ever overpaid on a flight or a hotel? 20? I don't know, more than a thousand. Two thousand though? I just arrived, like, two days ago, and my first spending was 100.",question,pain,direct_offer,problem_aware,3,yes,http://itunes.apple.com/app/id559887125,https://www.facebook.com/ads/library/?id=1031131733271810,
1091318056679246,Ibotta,US,video,2026-09-08,22,False,Ibotta-34,,Download,"Real cash, no confusing points",Earn cash back just by scanning your receipt. Download the free app today.,"What's the most you've, like, ever overpaid on a flight or a hotel? 20? I don't know, more than a thousand. Two thousand though? I just arrived, like, two days ago, and my first spending was 100.",question,pain,direct_offer,problem_aware,3,yes,http://itunes.apple.com/app/id559887125,https://www.facebook.com/ads/library/?id=1091318056679246,
1808086760640203,Ibotta,US,video,2026-09-08,22,False,Ibotta-34,5,Download,"Real cash, no confusing points",Earn cash back just by scanning your receipt. Download the free app today.,"What's the most you've, like, ever overpaid on a flight or a hotel? 20? I don't know, more than a thousand. Two thousand though? I just arrived, like, two days ago, and my first spending was 100.",question,pain,direct_offer,problem_aware,3,yes,http://play.google.com/store/apps/details?id=com.ibotta.android,https://www.facebook.com/ads/library/?id=1808086760640203,
1383650023341033,Ibotta,US,video,2026-09-08,22,False,Ibotta-35,5,Download,"Real cash, no confusing points",Earn cash back just by scanning your receipt. Download the free app today.,"I mean, that sounds great. I'll forget it, would you say it is? Hi, quick question. What's the last thing you spend money on? Joe and the Jews. I pay for babysitting in Manny's shirt bag.",question,desire,direct_offer,solution_aware,3,yes,http://itunes.apple.com/app/id559887125,https://www.facebook.com/ads/library/?id=1383650023341033,
4348170501993936,Ibotta,US,video,2026-09-08,22,False,Ibotta-35,,Download,"Real cash, no confusing points",Earn cash back just by scanning your receipt. Download the free app today.,"I mean, that sounds great. I'll forget it, would you say it is? Hi, quick question. What's the last thing you spend money on? Joe and the Jews. I pay for babysitting in Manny's shirt bag.",question,desire,direct_offer,solution_aware,3,yes,http://play.google.com/store/apps/details?id=com.ibotta.android,https://www.facebook.com/ads/library/?id=4348170501993936,
1701133854278101,Ibotta,US,video,2026-09-08,22,False,Ibotta-35,5,Download,"Real cash, no confusing points",Earn cash back just by scanning your receipt. Download the free app today.,"I mean, that sounds great. I'll forget it, would you say it is? Hi, quick question. What's the last thing you spend money on? Joe and the Jews. I pay for babysitting in Manny's shirt bag.",question,desire,direct_offer,solution_aware,3,yes,http://itunes.apple.com/app/id559887125,https://www.facebook.com/ads/library/?id=1701133854278101,
1078006451858930,Ibotta,US,video,2026-09-08,22,False,Ibotta-35,5,Download,"Real cash, no confusing points",Earn cash back just by scanning your receipt. Download the free app today.,"I mean, that sounds great. I'll forget it, would you say it is? Hi, quick question. What's the last thing you spend money on? Joe and the Jews. I pay for babysitting in Manny's shirt bag.",question,desire,direct_offer,solution_aware,3,yes,http://itunes.apple.com/app/id559887125,https://www.facebook.com/ads/library/?id=1078006451858930,
2214379612675547,Ibotta,US,video,2026-09-08,22,False,Ibotta-37,5,Download,"Real cash, no confusing points",Earn cash back just by scanning your receipt. Download the free app today.,"Hi, quick question. What's the last thing you spend money on? Joe and the juice. I pay for babysitting and nanny's shirt. Bag. A hat from Melbourne. What if I told you you could get cash-",question,desire,direct_offer,solution_aware,3,yes,http://play.google.com/store/apps/details?id=com.ibotta.android,https://www.facebook.com/ads/library/?id=2214379612675547,
1802517527850499,Ibotta,US,video,2026-09-08,22,False,Ibotta-37,,Download,"Real cash, no confusing points",Earn cash back just by scanning your receipt. Download the free app today.,"Hi, quick question. What's the last thing you spend money on? Joe and the juice. I pay for babysitting and nanny's shirt. Bag. A hat from Melbourne. What if I told you you could get cash-",question,desire,direct_offer,solution_aware,3,yes,http://itunes.apple.com/app/id559887125,https://www.facebook.com/ads/library/?id=1802517527850499,
1855385382505669,Ibotta,US,video,2026-09-09,21,False,Ibotta-10,1,Shop now,Deals on everything you buy,Ibotta has more cash back offers than ever. See what's new and start saving.,"Quick question, do you have any trips coming up this year? This is my trip. This is your trip? That's so cool. So New York City, have you ever been here before? Yeah, I've been. The trips that I wanted to go to was probably Mecca.",question,desire,direct_offer,solution_aware,2,yes,http://play.google.com/store/apps/details?id=com.ibotta.android,https://www.facebook.com/ads/library/?id=1855385382505669,
1111051008250743,Ibotta,US,video,2026-09-09,21,False,Ibotta-17,1,Shop now,Ready to save on groceries?,Ibotta has more cash back offers than ever. See what's new and start saving.,Thank you for watching!,question,desire,direct_offer,solution_aware,2,unknown,http://play.google.com/store/apps/details?id=com.ibotta.android,https://www.facebook.com/ads/library/?id=1111051008250743,
1096118243204286,Ibotta,US,video,2026-09-09,21,False,Ibotta-35,,Download,"Real cash, no confusing points",Earn cash back just by scanning your receipt. Download the free app today.,"I mean, that sounds great. I'll forget it, would you say it is? Hi, quick question. What's the last thing you spend money on? Joe and the Jews. I pay for babysitting in Manny's shirt bag.",question,desire,direct_offer,solution_aware,3,yes,http://play.google.com/store/apps/details?id=com.ibotta.android,https://www.facebook.com/ads/library/?id=1096118243204286,
902123392732140,Ibotta,US,video,2026-09-09,21,False,Ibotta-37,5,Download,"Real cash, no confusing points",Earn cash back just by scanning your receipt. Download the free app today.,"Hi, quick question. What's the last thing you spend money on? Joe and the juice. I pay for babysitting and nanny's shirt. Bag. A hat from Melbourne. What if I told you you could get cash-",question,desire,direct_offer,solution_aware,3,yes,http://play.google.com/store/apps/details?id=com.ibotta.android,https://www.facebook.com/ads/library/?id=902123392732140,
2217198815728066,Ibotta,US,catalog,2026-09-09,21,False,,2,Shop now,{{product.name}},{{product.brand}},,,,,,,,http://play.google.com/store/apps/details?id=com.ibotta.android,https://www.facebook.com/ads/library/?id=2217198815728066,"catalog ad (product template, not labeled)"
1053797180975310,Ibotta,US,catalog,2026-09-09,21,False,,1,Shop now,{{product.name}},{{product.brand}},,,,,,,,http://play.google.com/store/apps/details?id=com.ibotta.android,https://www.facebook.com/ads/library/?id=1053797180975310,"catalog ad (product template, not labeled)"
1716195552829259,Ibotta,US,catalog,2026-09-09,21,False,,1,Shop now,{{product.name}},{{product.brand}},,,,,,,,http://play.google.com/store/apps/details?id=com.ibotta.android,https://www.facebook.com/ads/library/?id=1716195552829259,"catalog ad (product template, not labeled)"
1547515839989746,Ibotta,US,video,2026-09-10,20,False,Ibotta-18,2,Shop now,Ready to save on groceries?,Ibotta has more cash back offers than ever. See what's new and start saving.,"Hi, quick question. What's the last thing you spend money on? Joe and the juice. I pay for babysitting and nanny's shirt. Bag. A hat from Melbourne. What if I told you you could get cash-",question,desire,direct_offer,solution_aware,2,yes,http://play.google.com/store/apps/details?id=com.ibotta.android,https://www.facebook.com/ads/library/?id=1547515839989746,
1405936778183348,Ibotta,US,video,2026-09-10,20,False,Ibotta-27,1,Shop now,Ready to save on groceries?,Ibotta has more cash back offers than ever. See what's new and start saving.,"I mean, that sounds great. I'll forget it, would you say it is? Hi, quick question. What's the last thing you spend money on? Joe and the Jews. I pay for babysitting in Manny's shirt bag.",question,desire,direct_offer,solution_aware,2,yes,http://play.google.com/store/apps/details?id=com.ibotta.android,https://www.facebook.com/ads/library/?id=1405936778183348,
1098131559304533,Ibotta,US,catalog,2026-09-10,20,False,,1,Shop now,{{product.name}},{{product.brand}},,,,,,,,http://play.google.com/store/apps/details?id=com.ibotta.android,https://www.facebook.com/ads/library/?id=1098131559304533,"catalog ad (product template, not labeled)"
1060561156888683,Ibotta,US,catalog,2026-09-10,20,False,,1,Shop now,{{product.name}},{{product.brand}},,,,,,,,http://play.google.com/store/apps/details?id=com.ibotta.android,https://www.facebook.com/ads/library/?id=1060561156888683,"catalog ad (product template, not labeled)"
854281807694878,Ibotta,US,static,2026-09-15,15,False,Ibotta-04,1,Shop now,,"Midnight Margaritas anyone?

Happy Practical Magic 2 🕯️ Day to all who are celebrating!",,question,curiosity,none,product_aware,0,no,http://play.google.com/store/apps/details?id=com.ibotta.android,https://www.facebook.com/ads/library/?id=854281807694878,
1588885485947888,Ibotta,US,carousel,2026-09-15,15,False,Ibotta-07,1,See details,Ibotta: Save & Earn Cash Back,"Being sick is never fun, add a little sparkle and get cash back on all the essentials to stock up for sick days!",,pain_point,desire,direct_offer,product_aware,1,no,http://play.google.com/store/apps/details?id=com.ibotta.android,https://www.facebook.com/ads/library/?id=1588885485947888,
2297522797673486,Ibotta,US,video,2026-09-17,13,False,Ibotta-01,1,See details,,"The @ibotta Arcade is GOOOD 😍

By far my favorite cashback app 🤞🏼

#ibotta #ibottapartner #ad","I first downloaded that I bought it at February 2019. My lifetime earnings are a little bit over $5,000 and that's by submitting my receipts for products I purchased to get a rebate back. I am...",social_proof,social_proof,direct_offer,product_aware,1,yes,https://ibotta.onelink.me/iUfE/8nz0pxup,https://www.facebook.com/ads/library/?id=2297522797673486,
1784753319386856,Ibotta,US,video,2026-09-17,13,False,Ibotta-03,1,See details,,"#IbottaPartner #Ad You can now play games + earn real cash back on @ibotta, with no purchase required!

Check out Ibotta Arcade through the link in my bio or comment ARCADE and I’ll send you the link straight to your DMs. 

#Ibotta #howtosavemoney #couponingforbeginners","Since when does playing games on your phone actually earn you cash back? I just found the new iBOTA arcade and you can earn real cash back just by playing games. No shopping, no receipts, no-",question,desire,direct_offer,solution_aware,3,yes,https://ibotta.onelink.me/iUfE/unqge6ho,https://www.facebook.com/ads/library/?id=1784753319386856,
945356225284364,Ibotta,US,video,2026-09-17,13,False,Ibotta-08,1,See details,,"Have fun, save more! The Ibotta Arcade is LIVE! You can now earn cash while playing all your favorite mobile games.",Because you know that your favorite cashback app now added a new feature where you can earn even more cashback? It's true. I bought it and added a brand new feature called Arcade into the app.,bold_claim,desire,direct_offer,product_aware,1,yes,http://play.google.com/store/apps/details?id=com.ibotta.android,https://www.facebook.com/ads/library/?id=945356225284364,
2017241725649633,Ibotta,US,carousel,2026-09-17,13,False,Ibotta-19,4,Download,Enjoy sweater weather savings this Fall,Discover the smarter way to fill your wallet. Ibotta helps you earn cash back every day.,,bold_claim,desire,direct_offer,solution_aware,3,no,http://itunes.apple.com/app/id559887125,https://www.facebook.com/ads/library/?id=2017241725649633,
935936399572775,Ibotta,US,carousel,2026-09-17,13,False,Ibotta-19,4,Download,Enjoy sweater weather savings this Fall,Discover the smarter way to fill your wallet. Ibotta helps you earn cash back every day.,,bold_claim,desire,direct_offer,solution_aware,3,no,http://itunes.apple.com/app/id559887125,https://www.facebook.com/ads/library/?id=935936399572775,
1638500144726550,Ibotta,US,carousel,2026-09-17,13,False,Ibotta-19,4,Download,Enjoy sweater weather savings this Fall,Discover the smarter way to fill your wallet. Ibotta helps you earn cash back every day.,,bold_claim,desire,direct_offer,solution_aware,3,no,http://itunes.apple.com/app/id559887125,https://www.facebook.com/ads/library/?id=1638500144726550,
972382375885309,Ibotta,US,carousel,2026-09-17,13,False,Ibotta-19,4,Download,Enjoy sweater weather savings this Fall,Discover the smarter way to fill your wallet. Ibotta helps you earn cash back every day.,,bold_claim,desire,direct_offer,solution_aware,3,no,http://itunes.apple.com/app/id559887125,https://www.facebook.com/ads/library/?id=972382375885309,
1837749404249285,Ibotta,US,carousel,2026-09-17,13,False,Ibotta-20,4,Download,Turn routine into real cash,"From shopping cart to your wallet, Ibotta makes it simple to earn cash on daily purchases.",,bold_claim,desire,direct_offer,solution_aware,3,no,http://itunes.apple.com/app/id559887125,https://www.facebook.com/ads/library/?id=1837749404249285,
1346075650692752,Ibotta,US,carousel,2026-09-17,13,False,Ibotta-20,4,Download,Turn routine into real cash,"From shopping cart to your wallet, Ibotta makes it simple to earn cash on daily purchases.",,bold_claim,desire,direct_offer,solution_aware,3,no,http://itunes.apple.com/app/id559887125,https://www.facebook.com/ads/library/?id=1346075650692752,
1501258808480039,Ibotta,US,carousel,2026-09-17,13,False,Ibotta-20,3,Download,Turn routine into real cash,"From shopping cart to your wallet, Ibotta makes it simple to earn cash on daily purchases.",,bold_claim,desire,direct_offer,solution_aware,3,no,http://itunes.apple.com/app/id559887125,https://www.facebook.com/ads/library/?id=1501258808480039,
1560870261913251,Ibotta,US,carousel,2026-09-17,13,False,Ibotta-20,,Download,Turn routine into real cash,"From shopping cart to your wallet, Ibotta makes it simple to earn cash on daily purchases.",,bold_claim,desire,direct_offer,solution_aware,3,no,http://itunes.apple.com/app/id559887125,https://www.facebook.com/ads/library/?id=1560870261913251,
1613384760448433,Ibotta,US,carousel,2026-09-17,13,False,Ibotta-20,4,Download,Turn routine into real cash,"From shopping cart to your wallet, Ibotta makes it simple to earn cash on daily purchases.",,bold_claim,desire,direct_offer,solution_aware,3,no,http://itunes.apple.com/app/id559887125,https://www.facebook.com/ads/library/?id=1613384760448433,
1005663779157596,Ibotta,US,carousel,2026-09-17,13,False,Ibotta-20,4,Download,Turn routine into real cash,"From shopping cart to your wallet, Ibotta makes it simple to earn cash on daily purchases.",,bold_claim,desire,direct_offer,solution_aware,3,no,http://itunes.apple.com/app/id559887125,https://www.facebook.com/ads/library/?id=1005663779157596,
1110195305201579,Ibotta,US,carousel,2026-09-17,13,False,Ibotta-20,4,Download,Turn routine into real cash,"From shopping cart to your wallet, Ibotta makes it simple to earn cash on daily purchases.",,bold_claim,desire,direct_offer,solution_aware,3,no,http://itunes.apple.com/app/id559887125,https://www.facebook.com/ads/library/?id=1110195305201579,
1103671125524046,Ibotta,US,carousel,2026-09-17,13,False,Ibotta-20,4,Download,Turn routine into real cash,"From shopping cart to your wallet, Ibotta makes it simple to earn cash on daily purchases.",,bold_claim,desire,direct_offer,solution_aware,3,no,http://itunes.apple.com/app/id559887125,https://www.facebook.com/ads/library/?id=1103671125524046,
1980666975927375,Ibotta,US,carousel,2026-09-17,13,False,Ibotta-20,3,Download,Turn routine into real cash,"From shopping cart to your wallet, Ibotta makes it simple to earn cash on daily purchases.",,bold_claim,desire,direct_offer,solution_aware,3,no,http://itunes.apple.com/app/id559887125,https://www.facebook.com/ads/library/?id=1980666975927375,
3607676159397368,Ibotta,US,carousel,2026-09-17,13,False,Ibotta-20,4,Download,Turn routine into real cash,"From shopping cart to your wallet, Ibotta makes it simple to earn cash on daily purchases.",,bold_claim,desire,direct_offer,solution_aware,3,no,http://itunes.apple.com/app/id559887125,https://www.facebook.com/ads/library/?id=3607676159397368,
1610970437174071,Ibotta,US,carousel,2026-09-17,13,False,Ibotta-20,4,Download,Turn routine into real cash,"From shopping cart to your wallet, Ibotta makes it simple to earn cash on daily purchases.",,bold_claim,desire,direct_offer,solution_aware,3,no,http://itunes.apple.com/app/id559887125,https://www.facebook.com/ads/library/?id=1610970437174071,
1396075765396348,Ibotta,US,carousel,2026-09-17,13,False,Ibotta-20,4,Download,Turn routine into real cash,"From shopping cart to your wallet, Ibotta makes it simple to earn cash on daily purchases.",,bold_claim,desire,direct_offer,solution_aware,3,no,http://itunes.apple.com/app/id559887125,https://www.facebook.com/ads/library/?id=1396075765396348,
2317033315761887,Ibotta,US,carousel,2026-09-17,13,False,Ibotta-20,4,Download,Turn routine into real cash,"From shopping cart to your wallet, Ibotta makes it simple to earn cash on daily purchases.",,bold_claim,desire,direct_offer,solution_aware,3,no,http://itunes.apple.com/app/id559887125,https://www.facebook.com/ads/library/?id=2317033315761887,
38454104757571113,Ibotta,US,carousel,2026-09-17,13,False,Ibotta-20,,Download,Turn routine into real cash,"From shopping cart to your wallet, Ibotta makes it simple to earn cash on daily purchases.",,bold_claim,desire,direct_offer,solution_aware,3,no,http://itunes.apple.com/app/id559887125,https://www.facebook.com/ads/library/?id=38454104757571113,
1043134018724451,Ibotta,US,carousel,2026-09-17,13,False,Ibotta-20,4,Download,Turn routine into real cash,"From shopping cart to your wallet, Ibotta makes it simple to earn cash on daily purchases.",,bold_claim,desire,direct_offer,solution_aware,3,no,http://itunes.apple.com/app/id559887125,https://www.facebook.com/ads/library/?id=1043134018724451,
1634258191728956,Ibotta,US,carousel,2026-09-17,13,False,Ibotta-31,4,Download,Turn routine into real cash,Discover the smarter way to fill your wallet. Ibotta helps you earn cash back every day.,,bold_claim,desire,direct_offer,solution_aware,3,no,http://itunes.apple.com/app/id559887125,https://www.facebook.com/ads/library/?id=1634258191728956,
1418228790405549,Ibotta,US,carousel,2026-09-18,12,False,Ibotta-20,,Download,Turn routine into real cash,"From shopping cart to your wallet, Ibotta makes it simple to earn cash on daily purchases.",,bold_claim,desire,direct_offer,solution_aware,3,no,http://itunes.apple.com/app/id559887125,https://www.facebook.com/ads/library/?id=1418228790405549,
1593408042517669,Ibotta,US,carousel,2026-09-18,12,False,Ibotta-20,4,Download,Turn routine into real cash,"From shopping cart to your wallet, Ibotta makes it simple to earn cash on daily purchases.",,bold_claim,desire,direct_offer,solution_aware,3,no,http://itunes.apple.com/app/id559887125,https://www.facebook.com/ads/library/?id=1593408042517669,
1793993121877159,Ibotta,US,carousel,2026-09-18,12,False,Ibotta-20,,Download,Turn routine into real cash,"From shopping cart to your wallet, Ibotta makes it simple to earn cash on daily purchases.",,bold_claim,desire,direct_offer,solution_aware,3,no,http://itunes.apple.com/app/id559887125,https://www.facebook.com/ads/library/?id=1793993121877159,
1371591398377944,Ibotta,US,carousel,2026-09-18,12,False,Ibotta-31,4,Download,Turn routine into real cash,Discover the smarter way to fill your wallet. Ibotta helps you earn cash back every day.,,bold_claim,desire,direct_offer,solution_aware,3,no,http://itunes.apple.com/app/id559887125,https://www.facebook.com/ads/library/?id=1371591398377944,
2105515470089599,Ibotta,US,carousel,2026-09-18,12,False,Ibotta-31,4,Download,Turn routine into real cash,Discover the smarter way to fill your wallet. Ibotta helps you earn cash back every day.,,bold_claim,desire,direct_offer,solution_aware,3,no,http://itunes.apple.com/app/id559887125,https://www.facebook.com/ads/library/?id=2105515470089599,
1518760253295254,Ibotta,US,carousel,2026-09-18,12,False,Ibotta-31,,Download,Turn routine into real cash,Discover the smarter way to fill your wallet. Ibotta helps you earn cash back every day.,,bold_claim,desire,direct_offer,solution_aware,3,no,http://itunes.apple.com/app/id559887125,https://www.facebook.com/ads/library/?id=1518760253295254,
1437666308264261,Ibotta,US,carousel,2026-09-21,9,False,Ibotta-12,2,Shop now,Deals on everything you buy,Ibotta has more cash back offers than ever. See what's new and start saving.,,bold_claim,desire,direct_offer,product_aware,2,no,http://play.google.com/store/apps/details?id=com.ibotta.android,https://www.facebook.com/ads/library/?id=1437666308264261,
1108880355015481,Ibotta,US,carousel,2026-09-21,9,False,Ibotta-21,1,Shop now,Deals on everything you buy,"Why should your daily essentials cost full price? 🤷 Let your savings take flight! ✈️ With Ibotta, you can earn real cash back on groceries, household items, and the everyday things you're already buying. It’s free money, simple as that. Join millions of smart shoppers and start soaring today. 👇",,question,pain,direct_offer,problem_aware,2,no,http://play.google.com/store/apps/details?id=com.ibotta.android,https://www.facebook.com/ads/library/?id=1108880355015481,
1766629264655923,Ibotta,US,video,2026-09-22,8,False,Ibotta-11,2,Learn more,Play games. Earn cash.,"Ibotta just added games. Play a little, earn real cash on top of your regular savings.","If you're already playing games on your phone, you might as well earn while you're at it. I saw this I bought an arcade update and immediately went to check it out. I already used I bought it to earn cash back when I shopped, but now there's a whole arcade-",bold_claim,desire,direct_offer,product_aware,1,yes,http://itunes.apple.com/app/id559887125,https://www.facebook.com/ads/library/?id=1766629264655923,
2938427786514726,Ibotta,US,video,2026-09-22,8,False,Ibotta-15,1,Learn more,Play games. Earn cash.,"Ibotta just added games. Play a little, earn real cash on top of your regular savings.",,bold_claim,desire,direct_offer,product_aware,1,unknown,http://itunes.apple.com/app/id559887125,https://www.facebook.com/ads/library/?id=2938427786514726,
952645984572321,Ibotta,US,carousel,2026-09-22,8,False,Ibotta-20,,Download,Turn routine into real cash,"From shopping cart to your wallet, Ibotta makes it simple to earn cash on daily purchases.",,bold_claim,desire,direct_offer,solution_aware,3,no,http://itunes.apple.com/app/id559887125,https://www.facebook.com/ads/library/?id=952645984572321,
1742617753484251,Ibotta,US,carousel,2026-09-22,8,False,Ibotta-22,1,Learn more,"Shop, play, and earn","Ibotta just added games. Play a little, earn real cash on top of your regular savings.",,bold_claim,desire,direct_offer,product_aware,1,no,http://itunes.apple.com/app/id559887125,https://www.facebook.com/ads/library/?id=1742617753484251,
1435526011775247,Ibotta,US,carousel,2026-09-22,8,False,Ibotta-22,1,Learn more,"Shop, play, and earn","Ibotta just added games. Play a little, earn real cash on top of your regular savings.",,bold_claim,desire,direct_offer,product_aware,1,no,http://itunes.apple.com/app/id559887125,https://www.facebook.com/ads/library/?id=1435526011775247,
2352213225312125,Ibotta,US,carousel,2026-09-22,8,False,Ibotta-22,1,Learn more,"Shop, play, and earn","Ibotta just added games. Play a little, earn real cash on top of your regular savings.",,bold_claim,desire,direct_offer,product_aware,1,no,http://itunes.apple.com/app/id559887125,https://www.facebook.com/ads/library/?id=2352213225312125,
1593606285827897,Ibotta,US,carousel,2026-09-22,8,False,Ibotta-26,1,Shop now,More ways to save are here,Ibotta makes saving simple. Find deals on groceries and everyday needs. Get your cash back.,,bold_claim,desire,direct_offer,solution_aware,2,no,http://play.google.com/store/apps/details?id=com.ibotta.android,https://www.facebook.com/ads/library/?id=1593606285827897,
1059739950388062,Ibotta,US,carousel,2026-09-22,8,False,Ibotta-26,1,Shop now,More ways to save are here,Ibotta makes saving simple. Find deals on groceries and everyday needs. Get your cash back.,,bold_claim,desire,direct_offer,solution_aware,2,no,http://play.google.com/store/apps/details?id=com.ibotta.android,https://www.facebook.com/ads/library/?id=1059739950388062,
1031835346573280,Ibotta,US,carousel,2026-09-22,8,False,Ibotta-26,1,Shop now,More ways to save are here,Ibotta makes saving simple. Find deals on groceries and everyday needs. Get your cash back.,,bold_claim,desire,direct_offer,solution_aware,2,no,http://play.google.com/store/apps/details?id=com.ibotta.android,https://www.facebook.com/ads/library/?id=1031835346573280,
2159201881325155,Ibotta,US,carousel,2026-09-22,8,False,Ibotta-26,1,Shop now,More ways to save are here,Ibotta makes saving simple. Find deals on groceries and everyday needs. Get your cash back.,,bold_claim,desire,direct_offer,solution_aware,2,no,http://play.google.com/store/apps/details?id=com.ibotta.android,https://www.facebook.com/ads/library/?id=2159201881325155,
1443593130955355,Ibotta,US,carousel,2026-09-22,8,False,Ibotta-26,1,Shop now,More ways to save are here,Ibotta makes saving simple. Find deals on groceries and everyday needs. Get your cash back.,,bold_claim,desire,direct_offer,solution_aware,2,no,http://play.google.com/store/apps/details?id=com.ibotta.android,https://www.facebook.com/ads/library/?id=1443593130955355,
1114353387592588,Ibotta,US,video,2026-09-24,6,False,Ibotta-13,2,Learn more,Play games. Earn cash.,"Ibotta just added games. Play a little, earn real cash on top of your regular savings.","Ibotta isn't just for shopping anymore. Now, you can earn by playing games. There's another way to earn cash right inside the app. It's called Ibotta Arcade, and you can earn cash just by playing games on your phone.",bold_claim,desire,direct_offer,product_aware,1,yes,http://itunes.apple.com/app/id559887125,https://www.facebook.com/ads/library/?id=1114353387592588,
2148780346041166,Ibotta,US,video,2026-09-24,6,False,Ibotta-14,1,Shop now,Ready to save on groceries?,"Real cash back, not points, with Ibotta. Earn on groceries & more, online or in-store.","So I'm doing my big weekly restock of groceries and other things, and if you haven't opened the iBot app in a while, you're missing out. And this is my favorite money hack right now.",curiosity,desire,direct_offer,product_aware,2,yes,http://play.google.com/store/apps/details?id=com.ibotta.android,https://www.facebook.com/ads/library/?id=2148780346041166,
2660457267745966,Ibotta,US,video,2026-09-24,6,False,Ibotta-23,1,Use app,Deals on everything you buy,"Shop, submit receipt, earn cash back with Ibotta at 2,600+ brands & retailers.","Quick question, do you have any trips coming up this year? This is my trip. This is your trip? That's so cool. So New York City, have you ever been here before? Yeah, I've been. The trips that I wanted to go to was probably Mecca.",question,desire,direct_offer,solution_aware,2,yes,http://itunes.apple.com/app/id559887125,https://www.facebook.com/ads/library/?id=2660457267745966,
1980298949325959,Ibotta,US,video,2026-09-24,6,False,Ibotta-25,2,Learn more,Play games. Earn cash.,"Ibotta just added games. Play a little, earn real cash on top of your regular savings.","If you only open iBOTA when you're shopping, look at this. There's another way to earn cash right inside the app. It's called iBOTA Arcade and you can earn cash just by playing games on your phone. You pick a game.",curiosity,curiosity,direct_offer,product_aware,1,yes,http://itunes.apple.com/app/id559887125,https://www.facebook.com/ads/library/?id=1980298949325959,
1749757372952588,Ibotta,US,carousel,2026-09-24,6,False,Ibotta-28,1,Shop now,More ways to save are here,Ibotta has more cash back offers than ever. See what's new and start saving.,,bold_claim,desire,direct_offer,product_aware,2,no,http://itunes.apple.com/app/id559887125,https://www.facebook.com/ads/library/?id=1749757372952588,
1067730022837778,Ibotta,US,carousel,2026-09-24,6,False,Ibotta-28,1,Shop now,More ways to save are here,Ibotta has more cash back offers than ever. See what's new and start saving.,,bold_claim,desire,direct_offer,product_aware,2,no,http://itunes.apple.com/app/id559887125,https://www.facebook.com/ads/library/?id=1067730022837778,
1868914624090270,Ibotta,US,video,2026-09-24,6,False,Ibotta-29,2,Shop now,More ways to save are here,Ibotta has more cash back offers than ever. See what's new and start saving.,"Hi, quick question. What's the last thing you spend money on? Joe and the juice. I pay for babysitting and nanny's shirt. Bag. A hat from Melbourne. What if I told you you could get cash-",question,desire,direct_offer,solution_aware,2,yes,http://itunes.apple.com/app/id559887125,https://www.facebook.com/ads/library/?id=1868914624090270,
3665733076911083,Ibotta,US,carousel,2026-09-24,6,False,Ibotta-30,1,Shop now,More ways to save are here,Ibotta makes saving simple. Find deals on groceries and everyday needs. Get your cash back,,bold_claim,desire,direct_offer,solution_aware,2,no,http://itunes.apple.com/app/id559887125,https://www.facebook.com/ads/library/?id=3665733076911083,
1093803166480634,Ibotta,US,carousel,2026-09-24,6,False,Ibotta-30,1,Shop now,More ways to save are here,Ibotta makes saving simple. Find deals on groceries and everyday needs. Get your cash back,,bold_claim,desire,direct_offer,solution_aware,2,no,http://itunes.apple.com/app/id559887125,https://www.facebook.com/ads/library/?id=1093803166480634,
1656036972708827,Ibotta,US,carousel,2026-09-24,6,False,Ibotta-30,1,Shop now,More ways to save are here,Ibotta makes saving simple. Find deals on groceries and everyday needs. Get your cash back,,bold_claim,desire,direct_offer,solution_aware,2,no,http://itunes.apple.com/app/id559887125,https://www.facebook.com/ads/library/?id=1656036972708827,
1654906256150860,Ibotta,US,carousel,2026-09-24,6,False,Ibotta-30,1,Shop now,More ways to save are here,Ibotta makes saving simple. Find deals on groceries and everyday needs. Get your cash back,,bold_claim,desire,direct_offer,solution_aware,2,no,http://itunes.apple.com/app/id559887125,https://www.facebook.com/ads/library/?id=1654906256150860,
1071015972391193,Ibotta,US,video,2026-09-24,6,False,Ibotta-33,1,Shop now,More ways to save are here,Ibotta has more cash back offers than ever. See what's new and start saving.,"Before you add this to the cart, let me show you a hack that will save you so much Let's say you want to buy these and on this site it costs three hundred and forty nine dollars now You simply just go get the I bought a browser",how_to,desire,direct_offer,solution_aware,2,yes,http://itunes.apple.com/app/id559887125,https://www.facebook.com/ads/library/?id=1071015972391193,
1835619730901163,Ibotta,US,video,2026-09-24,6,False,Ibotta-38,1,Shop now,More ways to save are here,Ibotta has more cash back offers than ever. See what's new and start saving.,"Okay, here's how I saved my family hundreds with inflation on the rise I'm really trying to save every dollar I can and I bought up base me every time I go shopping which I love because",how_to,desire,direct_offer,solution_aware,2,yes,http://itunes.apple.com/app/id559887125,https://www.facebook.com/ads/library/?id=1835619730901163,
2138486070372291,Ibotta,US,video,2026-09-24,6,False,Ibotta-39,1,Shop now,More ways to save are here,Ibotta has more cash back offers than ever. See what's new and start saving.,"Yes, you can earn over $400 a year. Here's how. I use iBOTA when I go grocery shopping. Most trips I earn about five bucks back when I actually use it.",bold_claim,desire,direct_offer,solution_aware,2,yes,http://itunes.apple.com/app/id559887125,https://www.facebook.com/ads/library/?id=2138486070372291,
1617653337071483,Ibotta,US,catalog,2026-09-24,6,False,,2,Use app,{{product.name}},{{product.brand}},,,,,,,,http://itunes.apple.com/app/id559887125,https://www.facebook.com/ads/library/?id=1617653337071483,"catalog ad (product template, not labeled)"
1638762670930426,Ibotta,US,catalog,2026-09-24,6,False,,1,Shop now,{{product.name}},{{product.brand}},,,,,,,,http://itunes.apple.com/app/id559887125,https://www.facebook.com/ads/library/?id=1638762670930426,"catalog ad (product template, not labeled)"
2171725667091019,Ibotta,US,catalog,2026-09-24,6,False,,2,Use app,{{product.name}},{{product.brand}},,,,,,,,http://itunes.apple.com/app/id559887125,https://www.facebook.com/ads/library/?id=2171725667091019,"catalog ad (product template, not labeled)"
2173352733605047,Ibotta,US,catalog,2026-09-24,6,False,,1,Shop now,{{product.name}},{{product.brand}},,,,,,,,http://itunes.apple.com/app/id559887125,https://www.facebook.com/ads/library/?id=2173352733605047,"catalog ad (product template, not labeled)"
927370640056570,Ibotta,US,catalog,2026-09-24,6,False,,1,Shop now,{{product.name}},{{product.brand}},,,,,,,,http://itunes.apple.com/app/id559887125,https://www.facebook.com/ads/library/?id=927370640056570,"catalog ad (product template, not labeled)"
2141761540047075,Ibotta,US,catalog,2026-09-24,6,False,,1,Shop now,{{product.name}},{{product.brand}},,,,,,,,http://itunes.apple.com/app/id559887125,https://www.facebook.com/ads/library/?id=2141761540047075,"catalog ad (product template, not labeled)"
2267584993801463,Ibotta,US,catalog,2026-09-24,6,False,,1,Shop now,{{product.name}},{{product.brand}},,,,,,,,http://itunes.apple.com/app/id559887125,https://www.facebook.com/ads/library/?id=2267584993801463,"catalog ad (product template, not labeled)"
998705432755847,Ibotta,US,video,2026-09-29,1,False,Ibotta-11,2,Learn more,Play games. Earn cash.,"Ibotta just added games. Play a little, earn real cash on top of your regular savings.","If you're already playing games on your phone, you might as well earn while you're at it. I saw this I bought an arcade update and immediately went to check it out. I already used I bought it to earn cash back when I shopped, but now there's a whole arcade-",bold_claim,desire,direct_offer,product_aware,1,yes,http://play.google.com/store/apps/details?id=com.ibotta.android,https://www.facebook.com/ads/library/?id=998705432755847,
1799168127784087,Ibotta,US,video,2026-09-29,1,False,Ibotta-13,2,Learn more,Play games. Earn cash.,"Ibotta just added games. Play a little, earn real cash on top of your regular savings.","Ibotta isn't just for shopping anymore. Now, you can earn by playing games. There's another way to earn cash right inside the app. It's called Ibotta Arcade, and you can earn cash just by playing games on your phone.",bold_claim,desire,direct_offer,product_aware,1,yes,http://play.google.com/store/apps/details?id=com.ibotta.android,https://www.facebook.com/ads/library/?id=1799168127784087,
1384765103824145,Ibotta,US,video,2026-09-29,1,False,Ibotta-15,1,Learn more,Play games. Earn cash.,"Ibotta just added games. Play a little, earn real cash on top of your regular savings.",,bold_claim,desire,direct_offer,product_aware,1,unknown,http://play.google.com/store/apps/details?id=com.ibotta.android,https://www.facebook.com/ads/library/?id=1384765103824145,
1072888188945886,Ibotta,US,carousel,2026-09-29,1,False,Ibotta-22,2,Learn more,"Shop, play, and earn","Ibotta just added games. Play a little, earn real cash on top of your regular savings.",,bold_claim,desire,direct_offer,product_aware,1,no,http://play.google.com/store/apps/details?id=com.ibotta.android,https://www.facebook.com/ads/library/?id=1072888188945886,
1769404270849217,Ibotta,US,carousel,2026-09-29,1,False,Ibotta-22,2,Learn more,"Shop, play, and earn","Ibotta just added games. Play a little, earn real cash on top of your regular savings.",,bold_claim,desire,direct_offer,product_aware,1,no,http://itunes.apple.com/app/id559887125,https://www.facebook.com/ads/library/?id=1769404270849217,
1071772725639101,Ibotta,US,carousel,2026-09-29,1,False,Ibotta-22,1,Learn more,"Shop, play, and earn","Ibotta just added games. Play a little, earn real cash on top of your regular savings.",,bold_claim,desire,direct_offer,product_aware,1,no,http://play.google.com/store/apps/details?id=com.ibotta.android,https://www.facebook.com/ads/library/?id=1071772725639101,
1512931927324571,Ibotta,US,carousel,2026-09-29,1,False,Ibotta-22,1,Learn more,"Shop, play, and earn","Ibotta just added games. Play a little, earn real cash on top of your regular savings.",,bold_claim,desire,direct_offer,product_aware,1,no,http://play.google.com/store/apps/details?id=com.ibotta.android,https://www.facebook.com/ads/library/?id=1512931927324571,
1088141693596810,Ibotta,US,video,2026-09-29,1,False,Ibotta-25,2,Learn more,Play games. Earn cash.,"Ibotta just added games. Play a little, earn real cash on top of your regular savings.","If you only open iBOTA when you're shopping, look at this. There's another way to earn cash right inside the app. It's called iBOTA Arcade and you can earn cash just by playing games on your phone. You pick a game.",curiosity,curiosity,direct_offer,product_aware,1,yes,http://play.google.com/store/apps/details?id=com.ibotta.android,https://www.facebook.com/ads/library/?id=1088141693596810,
2672791629806581,Ibotta,US,video,2026-09-29,1,False,Ibotta-32,1,Learn more,Play games. Earn cash.,"Ibotta just added games. Play a little, earn real cash on top of your regular savings.",Because you know that your favorite cashback app now edit a new feature where you can earn even more cashback? It's true. I bought it at a brand new feature called Arcade into the app.,bold_claim,desire,direct_offer,product_aware,1,yes,http://play.google.com/store/apps/details?id=com.ibotta.android,https://www.facebook.com/ads/library/?id=2672791629806581,
2339430803468130,Ibotta,US,carousel,2026-09-29,1,False,Ibotta-36,1,Learn more,"Shop, play, and earn","You already earn cash back shopping, now earn it playing games too, right in the Ibotta app.",,bold_claim,desire,direct_offer,product_aware,1,no,http://itunes.apple.com/app/id559887125,https://www.facebook.com/ads/library/?id=2339430803468130,
1909111797164398,Ibotta,US,video,2026-09-29,1,False,Ibotta-41,1,Learn more,Play games. Earn cash.,"Ibotta just added games. Play a little, earn real cash on top of your regular savings.","Yeah, apparently you can earn cash on Ibotta Arcade without buying anything. You just play games. I saw this Ibotta Arcade update and immediately went to check it out. I already used Ibotta to earn cash back when I shop, but now-",bold_claim,desire,direct_offer,product_aware,1,yes,http://play.google.com/store/apps/details?id=com.ibotta.android,https://www.facebook.com/ads/library/?id=1909111797164398,
2395551190945554,Joko,FR,catalog,2026-03-26,188,True,,1,Install now,{{product.name}},{{product.brand}},,,,,,,,http://play.google.com/store/apps/details?id=io.wylr.joko,https://www.facebook.com/ads/library/?id=2395551190945554,"catalog ad (product template, not labeled)"
1429471415592865,Joko,FR,video,2026-04-03,180,True,Joko-16,1,Install now,Gagnez de l'argent 👉,T’as pas Joko ? Alors t’as sûrement déjà perdu 200€. ❌ 💚,"Je ne réalisais pas que je payais mes courses beaucoup trop chères avant de découvrir Joko. Avec Joko, économies jusqu'à 6% de cashback sur tes courses chez Carrefour. C'est hyper simple.",pain_point,pain,direct_offer,problem_aware,3,yes,http://play.google.com/store/apps/details?id=io.wylr.joko,https://www.facebook.com/ads/library/?id=1429471415592865,
924365480602291,Joko,FR,catalog,2026-04-03,180,True,,1,Install now,{{product.name}},{{product.brand}},,,,,,,,http://play.google.com/store/apps/details?id=io.wylr.joko,https://www.facebook.com/ads/library/?id=924365480602291,"catalog ad (product template, not labeled)"
966088409246329,Joko,FR,video,2026-04-29,154,True,Joko-22,2,Install now,Récupère ton argent,🤷‍♀️ Pourquoi payer plus quand tu peux payer moins sans effort ?,"T'as envie de te faire plaisir, mais les courses coûtent trop cher. Attends, tu peux récupérer de l'argent sur tes courses grâce à Diocco. Télécharge Diocco.",pain_point,pain,direct_offer,problem_aware,3,yes,http://play.google.com/store/apps/details?id=io.wylr.joko,https://www.facebook.com/ads/library/?id=966088409246329,
2756975764678715,Joko,FR,video,2026-04-29,154,True,Joko-22,,Install now,Récupère ton argent,🤷‍♀️ Pourquoi payer plus quand tu peux payer moins sans effort ?,"T'as envie de te faire plaisir, mais les courses coûtent trop cher. Attends, tu peux récupérer de l'argent sur tes courses grâce à Diocco. Télécharge Diocco.",pain_point,pain,direct_offer,problem_aware,3,yes,http://play.google.com/store/apps/details?id=io.wylr.joko,https://www.facebook.com/ads/library/?id=2756975764678715,
1503388861380868,Joko,FR,video,2026-05-06,147,True,Joko-12,2,Install now,Récupère ton argent,🤷‍♀️ Pourquoi payer plus quand tu peux payer moins sans effort ?,"Les gens qui disent que je n'ai pas d'argent, vous avez téléchargé de jocos déjà ? Ok ça ne va pas vous faire un SMIC mais c'est une appli gratuite qui permet de gagner de l'argent sur tes courses. Genre 4% sur tes courses Carrefour comme ça direct.",curiosity,desire,direct_offer,solution_aware,3,yes,http://play.google.com/store/apps/details?id=io.wylr.joko,https://www.facebook.com/ads/library/?id=1503388861380868,
1471041310620402,Joko,FR,video,2026-05-06,147,True,Joko-12,2,Install now,Récupère ton argent,🤷‍♀️ Pourquoi payer plus quand tu peux payer moins sans effort ?,"Les gens qui disent que je n'ai pas d'argent, vous avez téléchargé de jocos déjà ? Ok ça ne va pas vous faire un SMIC mais c'est une appli gratuite qui permet de gagner de l'argent sur tes courses. Genre 4% sur tes courses Carrefour comme ça direct.",curiosity,desire,direct_offer,solution_aware,3,yes,http://play.google.com/store/apps/details?id=io.wylr.joko,https://www.facebook.com/ads/library/?id=1471041310620402,
2108551406594473,Joko,FR,video,2026-05-06,147,True,Joko-17,1,Install now,Récupère ton argent,🤷‍♀️ Pourquoi payer plus quand tu peux payer moins sans effort ?,,question,desire,none,problem_aware,2,unknown,http://play.google.com/store/apps/details?id=io.wylr.joko,https://www.facebook.com/ads/library/?id=2108551406594473,
970835952019748,Joko,FR,video,2026-05-06,147,True,Joko-21,1,Install now,Gagnez de l'argent 👉,T’as pas Joko ? Alors t’as sûrement déjà perdu 200€. ❌ 💚,,curiosity,pain,direct_offer,problem_aware,3,unknown,http://play.google.com/store/apps/details?id=io.wylr.joko,https://www.facebook.com/ads/library/?id=970835952019748,
1927525871269959,Joko,FR,video,2026-05-13,140,True,Joko-33,1,Install now,Gagnez de l'argent 👉,T’as pas Joko ? Alors t’as sûrement déjà perdu 200€. ❌ 💚,"Les gens qui disent j'ai pas d'argent, vous avez téléchargé de jocot déjà ? Ok ça va pas vous faire un SMIC, mais c'est une appli gratuite qui te permet de gagner de l'argent sur tes courses. Genre 4% sur tes courses Carrefour, comme ça.",curiosity,desire,direct_offer,solution_aware,3,yes,http://play.google.com/store/apps/details?id=io.wylr.joko,https://www.facebook.com/ads/library/?id=1927525871269959,
2458160037938960,Joko,FR,video,2026-05-19,134,True,Joko-20,5,Install now,Gagnez de l'argent 👉,T’as pas Joko ? Alors t’as sûrement déjà perdu 200€. ❌ 💚,"Je pensais que mes courses allaient tout pomper. Attends, j'ai au coma rendu du cashback.",pain_point,pain,direct_offer,problem_aware,3,yes,http://play.google.com/store/apps/details?id=io.wylr.joko,https://www.facebook.com/ads/library/?id=2458160037938960,
1489435979595359,Joko,FR,video,2026-05-19,134,True,Joko-20,5,Install now,Gagnez de l'argent 👉,T’as pas Joko ? Alors t’as sûrement déjà perdu 200€. ❌ 💚,"Je pensais que mes courses allaient tout pomper. Attends, j'ai au coma rendu du cashback.",pain_point,pain,direct_offer,problem_aware,3,yes,http://play.google.com/store/apps/details?id=io.wylr.joko,https://www.facebook.com/ads/library/?id=1489435979595359,
3057240387811248,Joko,FR,video,2026-05-19,134,True,Joko-29,1,Install now,Gagnez de l'argent 👉,T’as pas Joko ? Alors t’as sûrement déjà perdu 200€. ❌ 💚,"Attends je viens de réaliser un truc. Chaque mois je claque des centaines de ronds en course, Amazon tout ça et je récupérais zéro. Depuis que j'ai installé Djoko, l'app me rembourse automatiquement une partie de chaque achat.",pain_point,pain,direct_offer,problem_aware,3,yes,http://play.google.com/store/apps/details?id=io.wylr.joko,https://www.facebook.com/ads/library/?id=3057240387811248,
4498462077066371,Joko,FR,video,2026-05-19,134,True,Joko-34,2,Install now,Gagnez de l'argent 👉,T’as pas Joko ? Alors t’as sûrement déjà perdu 200€. ❌ 💚,T'as des addictions toi ? Justine...,curiosity,curiosity,direct_offer,problem_aware,3,yes,http://play.google.com/store/apps/details?id=io.wylr.joko,https://www.facebook.com/ads/library/?id=4498462077066371,
857351016775691,Joko,FR,video,2026-05-19,134,True,Joko-34,2,Install now,Gagnez de l'argent 👉,T’as pas Joko ? Alors t’as sûrement déjà perdu 200€. ❌ 💚,T'as des addictions toi ? Justine...,curiosity,curiosity,direct_offer,problem_aware,3,yes,http://play.google.com/store/apps/details?id=io.wylr.joko,https://www.facebook.com/ads/library/?id=857351016775691,
1981312839147528,Joko,FR,video,2026-05-25,128,True,Joko-27,2,Install now,Gagnez de l'argent 👉,T’as pas Joko ? Alors t’as sûrement déjà perdu 200€. ❌ 💚,"Trois signes qui montrent que tu perds de l'argent tous les jours. Premier signe, tu ne récupères aucun argent sur tes courses. Deuxième signe, tu n'as pas encore connecté ta banque à Joko.",pain_point,pain,direct_offer,problem_aware,3,yes,http://play.google.com/store/apps/details?id=io.wylr.joko,https://www.facebook.com/ads/library/?id=1981312839147528,
26806407819044521,Joko,FR,video,2026-05-25,128,True,Joko-27,2,Install now,Gagnez de l'argent 👉,T’as pas Joko ? Alors t’as sûrement déjà perdu 200€. ❌ 💚,"Trois signes qui montrent que tu perds de l'argent tous les jours. Premier signe, tu ne récupères aucun argent sur tes courses. Deuxième signe, tu n'as pas encore connecté ta banque à Joko.",pain_point,pain,direct_offer,problem_aware,3,yes,http://play.google.com/store/apps/details?id=io.wylr.joko,https://www.facebook.com/ads/library/?id=26806407819044521,
2358967941252491,Joko,FR,video,2026-05-25,128,True,Joko-34,,Install now,Gagnez de l'argent 👉,T’as pas Joko ? Alors t’as sûrement déjà perdu 200€. ❌ 💚,T'as des addictions toi ? Justine...,curiosity,curiosity,direct_offer,problem_aware,3,yes,http://play.google.com/store/apps/details?id=io.wylr.joko,https://www.facebook.com/ads/library/?id=2358967941252491,
963791366702308,Joko,FR,video,2026-06-03,119,True,Joko-34,3,Install now,Gagnez de l'argent 👉,T’as pas Joko ? Alors t’as sûrement déjà perdu 200€. ❌ 💚,T'as des addictions toi ? Justine...,curiosity,curiosity,direct_offer,problem_aware,3,yes,http://play.google.com/store/apps/details?id=io.wylr.joko,https://www.facebook.com/ads/library/?id=963791366702308,
834544269729141,Joko,FR,video,2026-06-09,113,True,Joko-21,4,Install now,Gagnez de l'argent 👉,T’as pas Joko ? Alors t’as sûrement déjà perdu 200€. ❌ 💚,,curiosity,pain,direct_offer,problem_aware,3,unknown,http://play.google.com/store/apps/details?id=io.wylr.joko,https://www.facebook.com/ads/library/?id=834544269729141,
1973804183264888,Joko,FR,video,2026-06-15,107,True,Joko-02,3,Install now,Récupère ton argent,T’as pas Joko ? Alors t’as sûrement déjà perdu 200€. ❌ 💚,"T'as envie de te faire plaisir, mais les courses coûtent trop cher. Attends, tu peux récupérer de larges sur tes courses S Grasse à Jocot.",pain_point,pain,direct_offer,problem_aware,3,yes,http://itunes.apple.com/app/id1378996692,https://www.facebook.com/ads/library/?id=1973804183264888,
2375270286316263,Joko,FR,video,2026-06-15,107,True,Joko-04,3,Install now,Récupère ton argent,T’as pas Joko ? Alors t’as sûrement déjà perdu 200€. ❌ 💚,"Si tu fais tes cours chez Leclerc, je te montre comment gagner un max d'argent. Et ça, bah, à chaque passage en quête. Ça, j'ai tout simplement téléchargé l'application Joko, du coup qui te permet...",how_to,desire,direct_offer,solution_aware,3,yes,http://itunes.apple.com/app/id1378996692,https://www.facebook.com/ads/library/?id=2375270286316263,
2189850691780492,Joko,FR,video,2026-06-15,107,True,Joko-06,4,Install now,Récupère ton argent,T’as pas Joko ? Alors t’as sûrement déjà perdu 200€. ❌ 💚,,curiosity,pain,direct_offer,problem_aware,3,unknown,http://itunes.apple.com/app/id1378996692,https://www.facebook.com/ads/library/?id=2189850691780492,
2082963492569474,Joko,FR,video,2026-06-15,107,True,Joko-06,3,Install now,Récupère ton argent,T’as pas Joko ? Alors t’as sûrement déjà perdu 200€. ❌ 💚,,curiosity,pain,direct_offer,problem_aware,3,unknown,http://itunes.apple.com/app/id1378996692,https://www.facebook.com/ads/library/?id=2082963492569474,
1037848121908885,Joko,FR,video,2026-06-15,107,True,Joko-08,3,Install now,Récupère ton argent,T’as pas Joko ? Alors t’as sûrement déjà perdu 200€. ❌ 💚,Toi aussi tu peux décorcher un père marché voilà qu'on m'a dit que tu perds de l'argent à chaque passage en caisse Grâce à Joe Codre et que tu perds de l'argent à chaque passage en caisse Ce qui est bien c'est que c'est valable dans des milliers d'anciens...,how_to,desire,direct_offer,solution_aware,3,yes,http://itunes.apple.com/app/id1378996692,https://www.facebook.com/ads/library/?id=1037848121908885,
1030877842704051,Joko,FR,video,2026-06-15,107,True,Joko-11,5,Install now,Récupère ton argent,T’as pas Joko ? Alors t’as sûrement déjà perdu 200€. ❌ 💚,"Je pensais que mes courses allaient tout pomper. Attends, j'ai au coma rendu du cashback.",pain_point,pain,direct_offer,problem_aware,3,yes,http://itunes.apple.com/app/id1378996692,https://www.facebook.com/ads/library/?id=1030877842704051,
2652920001828250,Joko,FR,video,2026-06-15,107,True,Joko-23,3,Install now,Récupère ton argent,T’as pas Joko ? Alors t’as sûrement déjà perdu 200€. ❌ 💚,T'as des addictions toi ? Justine...,curiosity,curiosity,direct_offer,problem_aware,3,yes,http://itunes.apple.com/app/id1378996692,https://www.facebook.com/ads/library/?id=2652920001828250,
4510276995883895,Joko,FR,catalog,2026-06-18,104,True,,1,Install now,{{product.name}},{{product.brand}},,,,,,,,http://itunes.apple.com/app/id1378996692,https://www.facebook.com/ads/library/?id=4510276995883895,"catalog ad (product template, not labeled)"
1647319079674442,Joko,FR,catalog,2026-07-01,91,True,,3,Install now,{{product.name}},{{product.brand}},,,,,,,,http://itunes.apple.com/app/id1378996692,https://www.facebook.com/ads/library/?id=1647319079674442,"catalog ad (product template, not labeled)"
1225058319704835,Joko,FR,video,2026-07-20,72,True,Joko-24,3,Install app,Récupère ton argent,T’as pas Joko ? Alors t’as sûrement déjà perdu 200€. ❌ 💚,,curiosity,pain,direct_offer,problem_aware,3,unknown,http://itunes.apple.com/app/id1378996692,https://www.facebook.com/ads/library/?id=1225058319704835,
1065644459149672,Joko,FR,video,2026-07-28,64,True,Joko-05,3,Install now,Récupère du cashback avec Joko 💸,T’as pas Joko ? Alors t’as sûrement déjà perdu 200€. ❌ 💚,,curiosity,pain,direct_offer,problem_aware,3,unknown,http://itunes.apple.com/app/id1378996692,https://www.facebook.com/ads/library/?id=1065644459149672,
1622585549578947,Joko,FR,video,2026-07-28,64,True,Joko-06,3,Install now,Récupère ton argent,T’as pas Joko ? Alors t’as sûrement déjà perdu 200€. ❌ 💚,,curiosity,pain,direct_offer,problem_aware,3,unknown,http://itunes.apple.com/app/id1378996692,https://www.facebook.com/ads/library/?id=1622585549578947,
1796674961505964,Joko,FR,video,2026-07-28,64,True,Joko-19,2,Install now,Récupère du cashback avec Joko 💸,T’as pas Joko ? Alors t’as sûrement déjà perdu 200€. ❌ 💚,"Toi aussi t'as envie de te faire plaisir, mais tout coûte vraiment trop cher. Eh ben tu ne le sais peut-être pas, mais tu peux te faire rembourser une partie de tes achats quand tu utilises la petite jocôte.",pain_point,pain,direct_offer,problem_aware,3,yes,http://itunes.apple.com/app/id1378996692,https://www.facebook.com/ads/library/?id=1796674961505964,
1042603365020522,Joko,FR,video,2026-08-04,57,True,Joko-05,3,Install now,Récupère du cashback avec Joko 💸,T’as pas Joko ? Alors t’as sûrement déjà perdu 200€. ❌ 💚,,curiosity,pain,direct_offer,problem_aware,3,unknown,http://itunes.apple.com/app/id1378996692,https://www.facebook.com/ads/library/?id=1042603365020522,
1639507654374803,Joko,FR,video,2026-08-11,50,True,Joko-05,3,Install now,Récupère du cashback avec Joko 💸,T’as pas Joko ? Alors t’as sûrement déjà perdu 200€. ❌ 💚,,curiosity,pain,direct_offer,problem_aware,3,unknown,http://itunes.apple.com/app/id1378996692,https://www.facebook.com/ads/library/?id=1639507654374803,
1331647058952711,Joko,FR,video,2026-08-11,50,True,Joko-09,3,Install now,Récupère du cashback avec Joko 💸,T’as pas Joko ? Alors t’as sûrement déjà perdu 200€. ❌ 💚,"Si c'est pas indiscret, il te reste combien d'argent à la fin du mois ? Il doit me rester environ 350 euros. Et comment tu fais tes risques ? En ce moment, j'utilise l'application qui s'appelle Jocot. Il propose des bonds d'achat et donc ça va être...",curiosity,curiosity,direct_offer,problem_aware,3,yes,http://itunes.apple.com/app/id1378996692,https://www.facebook.com/ads/library/?id=1331647058952711,
2545993489176243,Joko,FR,video,2026-08-11,50,True,Joko-13,3,Install now,Récupère du cashback avec Joko 💸,T’as pas Joko ? Alors t’as sûrement déjà perdu 200€. ❌ 💚,n'achetez rien sur Amazon avant de voir ça.,curiosity,curiosity,direct_offer,problem_aware,3,yes,http://itunes.apple.com/app/id1378996692,https://www.facebook.com/ads/library/?id=2545993489176243,
1418752593482649,Joko,FR,video,2026-08-11,50,True,Joko-21,1,Install now,Gagnez de l'argent 👉,T’as pas Joko ? Alors t’as sûrement déjà perdu 200€. ❌ 💚,,curiosity,pain,direct_offer,problem_aware,3,unknown,http://play.google.com/store/apps/details?id=io.wylr.joko,https://www.facebook.com/ads/library/?id=1418752593482649,
3474215452755550,Joko,FR,video,2026-08-11,50,True,Joko-26,1,Install now,Gagnez de l'argent 👉,T’as pas Joko ? Alors t’as sûrement déjà perdu 200€. ❌ 💚,"T'as envie de te faire plaisir, mais les courses coûtent trop cher. Attends, tu peux récupérer de larges sur tes courses S Grasse à Jocot.",pain_point,pain,direct_offer,problem_aware,3,yes,http://play.google.com/store/apps/details?id=io.wylr.joko,https://www.facebook.com/ads/library/?id=3474215452755550,
1464273468794137,Joko,FR,video,2026-08-11,50,True,Joko-36,2,Install now,Gagnez de l'argent 👉,T’as pas Joko ? Alors t’as sûrement déjà perdu 200€. ❌ 💚,"Toi aussi t'as envie de te faire plaisir, mais tout coûte vraiment trop cher. Eh ben tu ne le sais peut-être pas, mais tu peux te faire rembourser une partie de tes achats quand tu utilises la petite jocôte.",pain_point,pain,direct_offer,problem_aware,3,yes,http://play.google.com/store/apps/details?id=io.wylr.joko,https://www.facebook.com/ads/library/?id=1464273468794137,
1723072825589263,Joko,FR,catalog,2026-08-17,44,True,,1,Install now,{{product.name}},{{product.brand}},,,,,,,,http://play.google.com/store/apps/details?id=io.wylr.joko,https://www.facebook.com/ads/library/?id=1723072825589263,"catalog ad (product template, not labeled)"
1567888108445216,Joko,FR,carousel,2026-08-23,38,True,Joko-01,1,See details,Cherchez moins. Trouvez mieux. ✨,"Payer le bon prix à chaque achat, sans y penser. Joko trouve les meilleures offres et vous fait gagner du cashback, automatiquement. 💚",,bold_claim,desire,direct_offer,solution_aware,1,no,https://home.joko.com/fr,https://www.facebook.com/ads/library/?id=1567888108445216,
939139658519614,Joko,FR,carousel,2026-08-23,38,True,Joko-01,1,See details,Cherchez moins. Trouvez mieux. ✨,"Payer le bon prix à chaque achat, sans y penser. Joko trouve les meilleures offres et vous fait gagner du cashback, automatiquement. 💚",,bold_claim,desire,direct_offer,solution_aware,1,no,https://home.joko.com/fr,https://www.facebook.com/ads/library/?id=939139658519614,
1673102233758135,Joko,FR,carousel,2026-08-23,38,True,Joko-01,1,See details,Cherchez moins. Trouvez mieux. ✨,"Payer le bon prix à chaque achat, sans y penser. Joko trouve les meilleures offres et vous fait gagner du cashback, automatiquement. 💚",,bold_claim,desire,direct_offer,solution_aware,1,no,https://home.joko.com/fr,https://www.facebook.com/ads/library/?id=1673102233758135,
1588176686110822,Joko,FR,static,2026-08-24,37,True,Joko-15,5,Install now,💰 Gagnez du cashback avec Joko,"💸 Et si vos achats vous rapportaient du cashback ? Avec Joko, profitez de cashback et de codes promo sur vos achats en ligne et en magasin. 🛍️",,question,desire,direct_offer,problem_aware,3,no,http://itunes.apple.com/app/id1378996692,https://www.facebook.com/ads/library/?id=1588176686110822,
2137488490985593,Joko,FR,static,2026-08-24,37,True,Joko-15,5,Install now,💰 Gagnez du cashback avec Joko,"💸 Et si vos achats vous rapportaient du cashback ? Avec Joko, profitez de cashback et de codes promo sur vos achats en ligne et en magasin. 🛍️",,question,desire,direct_offer,problem_aware,3,no,http://play.google.com/store/apps/details?id=io.wylr.joko,https://www.facebook.com/ads/library/?id=2137488490985593,
28516020211367314,Joko,FR,static,2026-08-24,37,True,Joko-15,,Install now,💰 Gagnez du cashback avec Joko,"💸 Et si vos achats vous rapportaient du cashback ? Avec Joko, profitez de cashback et de codes promo sur vos achats en ligne et en magasin. 🛍️",,question,desire,direct_offer,problem_aware,3,no,http://play.google.com/store/apps/details?id=io.wylr.joko,https://www.facebook.com/ads/library/?id=28516020211367314,
1368610588820275,Joko,FR,video,2026-08-24,37,True,Joko-28,3,Install now,💰 Gagnez du cashback avec Joko,"💸 Et si vos achats vous rapportaient du cashback ? Avec Joko, profitez de cashback et de codes promo sur vos achats en ligne et en magasin. 🛍️",,question,desire,direct_offer,problem_aware,3,unknown,http://itunes.apple.com/app/id1378996692,https://www.facebook.com/ads/library/?id=1368610588820275,
1372261361673369,Joko,FR,video,2026-08-24,37,True,Joko-28,3,Install now,💰 Gagnez du cashback avec Joko,"💸 Et si vos achats vous rapportaient du cashback ? Avec Joko, profitez de cashback et de codes promo sur vos achats en ligne et en magasin. 🛍️",,question,desire,direct_offer,problem_aware,3,unknown,http://play.google.com/store/apps/details?id=io.wylr.joko,https://www.facebook.com/ads/library/?id=1372261361673369,
1044414258298023,Joko,FR,video,2026-08-24,37,True,Joko-28,3,Install now,💰 Gagnez du cashback avec Joko,"💸 Et si vos achats vous rapportaient du cashback ? Avec Joko, profitez de cashback et de codes promo sur vos achats en ligne et en magasin. 🛍️",,question,desire,direct_offer,problem_aware,3,unknown,http://itunes.apple.com/app/id1378996692,https://www.facebook.com/ads/library/?id=1044414258298023,
1031940979649772,Joko,FR,video,2026-08-24,37,True,Joko-28,3,Install now,💰 Gagnez du cashback avec Joko,"💸 Et si vos achats vous rapportaient du cashback ? Avec Joko, profitez de cashback et de codes promo sur vos achats en ligne et en magasin. 🛍️",,question,desire,direct_offer,problem_aware,3,unknown,http://play.google.com/store/apps/details?id=io.wylr.joko,https://www.facebook.com/ads/library/?id=1031940979649772,
1571613944645911,Joko,FR,video,2026-08-24,37,True,Joko-28,3,Install now,💰 Gagnez du cashback avec Joko,"💸 Et si vos achats vous rapportaient du cashback ? Avec Joko, profitez de cashback et de codes promo sur vos achats en ligne et en magasin. 🛍️",,question,desire,direct_offer,problem_aware,3,unknown,http://play.google.com/store/apps/details?id=io.wylr.joko,https://www.facebook.com/ads/library/?id=1571613944645911,
1040602775255546,Joko,FR,video,2026-08-24,37,True,Joko-28,3,Install now,💰 Gagnez du cashback avec Joko,"💸 Et si vos achats vous rapportaient du cashback ? Avec Joko, profitez de cashback et de codes promo sur vos achats en ligne et en magasin. 🛍️",,question,desire,direct_offer,problem_aware,3,unknown,http://play.google.com/store/apps/details?id=io.wylr.joko,https://www.facebook.com/ads/library/?id=1040602775255546,
971440742623016,Joko,FR,carousel,2026-08-26,35,True,Joko-03,3,Install now,Récupère ton argent,T’as pas Joko ? Alors t’as sûrement déjà perdu 200€. ❌ 💚,,curiosity,pain,direct_offer,problem_aware,3,no,http://itunes.apple.com/app/id1378996692,https://www.facebook.com/ads/library/?id=971440742623016,
1748083862903119,Joko,FR,video,2026-08-26,35,True,Joko-27,1,Install now,Gagnez de l'argent 👉,T’as pas Joko ? Alors t’as sûrement déjà perdu 200€. ❌ 💚,"Trois signes qui montrent que tu perds de l'argent tous les jours. Premier signe, tu ne récupères aucun argent sur tes courses. Deuxième signe, tu n'as pas encore connecté ta banque à Joko.",pain_point,pain,direct_offer,problem_aware,3,yes,http://play.google.com/store/apps/details?id=io.wylr.joko,https://www.facebook.com/ads/library/?id=1748083862903119,
1578152353758035,Joko,FR,video,2026-08-26,35,True,Joko-30,1,Install now,Gagnez de l'argent 👉,T’as pas Joko ? Alors t’as sûrement déjà perdu 200€. ❌ 💚,"N'achète pas chez tes murs avant d'avoir regardé ça. J'ai fait mes achats chez tes murs pendant des années sans récupérer un seul euro. Puis j'ai installé Joko, une app gratuite qui te rembourse une partie de tes achats automatiquement. Depuis j'ai récupéré 19...",curiosity,curiosity,direct_offer,problem_aware,3,yes,http://play.google.com/store/apps/details?id=io.wylr.joko,https://www.facebook.com/ads/library/?id=1578152353758035,
27138229539186808,Joko,FR,dco,2026-08-26,35,True,,2,Install now,Joko | Cash back & coupons,,,,,,,,,http://play.google.com/store/apps/details?id=io.wylr.joko,https://www.facebook.com/ads/library/?id=27138229539186808,no ad copy (not labeled)
1081122231097544,Joko,FR,dco,2026-08-26,35,True,,2,Install now,Joko | Cash back & coupons,,,,,,,,,http://play.google.com/store/apps/details?id=io.wylr.joko,https://www.facebook.com/ads/library/?id=1081122231097544,no ad copy (not labeled)
1727406524978182,Joko,FR,video,2026-08-27,34,True,Joko-17,1,Install now,Récupère ton argent,🤷‍♀️ Pourquoi payer plus quand tu peux payer moins sans effort ?,,question,desire,none,problem_aware,2,unknown,http://play.google.com/store/apps/details?id=io.wylr.joko,https://www.facebook.com/ads/library/?id=1727406524978182,
1333014532379212,Joko,FR,video,2026-08-27,34,True,Joko-25,1,Install now,Gagnez de l'argent 👉,T’as pas Joko ? Alors t’as sûrement déjà perdu 200€. ❌ 💚,"340€ ou du jour n'est-ce pas ? 340€ 340€ ou un petit voyage quelque part ? 340€ Ok, 340€",curiosity,curiosity,direct_offer,problem_aware,3,yes,http://play.google.com/store/apps/details?id=io.wylr.joko,https://www.facebook.com/ads/library/?id=1333014532379212,
1988951618443915,Joko,FR,carousel,2026-08-28,33,True,Joko-07,1,Learn more,Cherchez moins. Trouvez mieux. ✨,"Payer le bon prix à chaque achat, sans y penser. Joko trouve les meilleures offres et vous fait gagner du cashback, automatiquement. 💚",,bold_claim,desire,direct_offer,solution_aware,1,no,https://home.joko.com/fr,https://www.facebook.com/ads/library/?id=1988951618443915,
1754131292496691,Joko,FR,carousel,2026-09-08,22,False,Joko-07,1,Learn more,Cherchez moins. Trouvez mieux. ✨,"Payer le bon prix à chaque achat, sans y penser. Joko trouve les meilleures offres et vous fait gagner du cashback, automatiquement. 💚",,bold_claim,desire,direct_offer,solution_aware,1,no,https://home.joko.com/fr,https://www.facebook.com/ads/library/?id=1754131292496691,
1103368042133467,Joko,FR,static,2026-09-08,22,False,Joko-10,5,Install now,Votre shopping récompensé : chaque dépense vous rapporte!,Votre shopping récompensé : chaque dépense vous rapporte!,,bold_claim,desire,direct_offer,solution_aware,2,no,http://itunes.apple.com/app/id1378996692,https://www.facebook.com/ads/library/?id=1103368042133467,
1025817363834713,Joko,FR,static,2026-09-08,22,False,Joko-10,5,Install now,Votre shopping récompensé : chaque dépense vous rapporte!,Votre shopping récompensé : chaque dépense vous rapporte!,,bold_claim,desire,direct_offer,solution_aware,2,no,http://play.google.com/store/apps/details?id=io.wylr.joko,https://www.facebook.com/ads/library/?id=1025817363834713,
1268562273012256,Joko,FR,static,2026-09-08,22,False,Joko-10,5,Install now,Votre shopping récompensé : chaque dépense vous rapporte!,Votre shopping récompensé : chaque dépense vous rapporte!,,bold_claim,desire,direct_offer,solution_aware,2,no,http://play.google.com/store/apps/details?id=io.wylr.joko,https://www.facebook.com/ads/library/?id=1268562273012256,
1046089928223931,Joko,FR,static,2026-09-08,22,False,Joko-10,2,Install now,Votre shopping récompensé : chaque dépense vous rapporte!,Votre shopping récompensé : chaque dépense vous rapporte!,,bold_claim,desire,direct_offer,solution_aware,2,no,http://play.google.com/store/apps/details?id=io.wylr.joko,https://www.facebook.com/ads/library/?id=1046089928223931,
1797485048110298,Joko,FR,static,2026-09-08,22,False,Joko-10,2,Install now,Votre shopping récompensé : chaque dépense vous rapporte!,Votre shopping récompensé : chaque dépense vous rapporte!,,bold_claim,desire,direct_offer,solution_aware,2,no,http://play.google.com/store/apps/details?id=io.wylr.joko,https://www.facebook.com/ads/library/?id=1797485048110298,
1090511266656549,Joko,FR,static,2026-09-08,22,False,Joko-10,2,Install now,Votre shopping récompensé : chaque dépense vous rapporte!,Votre shopping récompensé : chaque dépense vous rapporte!,,bold_claim,desire,direct_offer,solution_aware,2,no,http://play.google.com/store/apps/details?id=io.wylr.joko,https://www.facebook.com/ads/library/?id=1090511266656549,
920740254018470,Joko,FR,static,2026-09-08,22,False,Joko-10,2,Install now,Votre shopping récompensé : chaque dépense vous rapporte!,Votre shopping récompensé : chaque dépense vous rapporte!,,bold_claim,desire,direct_offer,solution_aware,2,no,http://play.google.com/store/apps/details?id=io.wylr.joko,https://www.facebook.com/ads/library/?id=920740254018470,
1647179783533430,Joko,FR,video,2026-09-08,22,False,Joko-39,2,Install now,Votre shopping récompensé : chaque dépense vous rapporte!,Votre shopping récompensé : chaque dépense vous rapporte!,,bold_claim,desire,direct_offer,solution_aware,2,unknown,http://play.google.com/store/apps/details?id=io.wylr.joko,https://www.facebook.com/ads/library/?id=1647179783533430,
2388008981733501,Joko,FR,video,2026-09-08,22,False,Joko-39,2,Install now,Votre shopping récompensé : chaque dépense vous rapporte!,Votre shopping récompensé : chaque dépense vous rapporte!,,bold_claim,desire,direct_offer,solution_aware,2,unknown,http://play.google.com/store/apps/details?id=io.wylr.joko,https://www.facebook.com/ads/library/?id=2388008981733501,
1555907135628438,Joko,FR,static,2026-09-10,20,False,Joko-10,2,Install now,Votre shopping récompensé : chaque dépense vous rapporte!,Votre shopping récompensé : chaque dépense vous rapporte!,,bold_claim,desire,direct_offer,solution_aware,2,no,http://play.google.com/store/apps/details?id=io.wylr.joko,https://www.facebook.com/ads/library/?id=1555907135628438,
1620349229538484,Joko,FR,static,2026-09-12,18,False,Joko-10,2,Install now,Votre shopping récompensé : chaque dépense vous rapporte!,Votre shopping récompensé : chaque dépense vous rapporte!,,bold_claim,desire,direct_offer,solution_aware,2,no,http://play.google.com/store/apps/details?id=io.wylr.joko,https://www.facebook.com/ads/library/?id=1620349229538484,
1797494881436917,Joko,FR,video,2026-09-16,14,False,Joko-31,3,Install now,Récupère du cashback avec Joko 💸,T'as pas Joko ? Alors t'as sûrement déjà perdu 200€. ❌ 💚,,curiosity,pain,direct_offer,problem_aware,3,unknown,http://itunes.apple.com/app/id1378996692,https://www.facebook.com/ads/library/?id=1797494881436917,
1704074374003623,Joko,FR,video,2026-09-16,14,False,Joko-31,3,Install now,Récupère du cashback avec Joko 💸,T'as pas Joko ? Alors t'as sûrement déjà perdu 200€. ❌ 💚,,curiosity,pain,direct_offer,problem_aware,3,unknown,http://itunes.apple.com/app/id1378996692,https://www.facebook.com/ads/library/?id=1704074374003623,
1997931224198710,Joko,FR,video,2026-09-16,14,False,Joko-31,3,Install now,Récupère du cashback avec Joko 💸,T'as pas Joko ? Alors t'as sûrement déjà perdu 200€. ❌ 💚,,curiosity,pain,direct_offer,problem_aware,3,unknown,http://itunes.apple.com/app/id1378996692,https://www.facebook.com/ads/library/?id=1997931224198710,
2297466107683943,Joko,FR,video,2026-09-16,14,False,Joko-31,3,Install now,Récupère du cashback avec Joko 💸,T'as pas Joko ? Alors t'as sûrement déjà perdu 200€. ❌ 💚,,curiosity,pain,direct_offer,problem_aware,3,unknown,http://play.google.com/store/apps/details?id=io.wylr.joko,https://www.facebook.com/ads/library/?id=2297466107683943,
1787015049004453,Joko,FR,video,2026-09-16,14,False,Joko-31,3,Install now,Récupère du cashback avec Joko 💸,T'as pas Joko ? Alors t'as sûrement déjà perdu 200€. ❌ 💚,,curiosity,pain,direct_offer,problem_aware,3,unknown,http://play.google.com/store/apps/details?id=io.wylr.joko,https://www.facebook.com/ads/library/?id=1787015049004453,
4586396244966125,Joko,FR,video,2026-09-16,14,False,Joko-31,3,Install now,Récupère du cashback avec Joko 💸,T'as pas Joko ? Alors t'as sûrement déjà perdu 200€. ❌ 💚,,curiosity,pain,direct_offer,problem_aware,3,unknown,http://play.google.com/store/apps/details?id=io.wylr.joko,https://www.facebook.com/ads/library/?id=4586396244966125,
1550704886360334,Joko,FR,video,2026-09-16,14,False,Joko-31,3,Install now,Récupère du cashback avec Joko 💸,T'as pas Joko ? Alors t'as sûrement déjà perdu 200€. ❌ 💚,,curiosity,pain,direct_offer,problem_aware,3,unknown,http://play.google.com/store/apps/details?id=io.wylr.joko,https://www.facebook.com/ads/library/?id=1550704886360334,
1915263459448787,Joko,FR,video,2026-09-16,14,False,Joko-31,3,Install now,Récupère du cashback avec Joko 💸,T'as pas Joko ? Alors t'as sûrement déjà perdu 200€. ❌ 💚,,curiosity,pain,direct_offer,problem_aware,3,unknown,http://play.google.com/store/apps/details?id=io.wylr.joko,https://www.facebook.com/ads/library/?id=1915263459448787,
2951610391862845,Joko,FR,video,2026-09-16,14,False,Joko-32,3,Install now,Récupère du cashback avec Joko 💸,T'as pas Joko ? Alors t'as sûrement déjà perdu 200€. ❌ 💚,"Excusez-moi, vous avez dépensé combien aujourd'hui ? Environ 200€ 200€ ? Ça fait trop non ? Bah non j'utilise une application de cash back qui s'appelle Joko C'est quoi Joko ? C'est une application avant de passer en caisse",curiosity,curiosity,direct_offer,problem_aware,3,yes,http://itunes.apple.com/app/id1378996692,https://www.facebook.com/ads/library/?id=2951610391862845,
2648092805611621,Joko,FR,video,2026-09-16,14,False,Joko-32,3,Install now,Récupère du cashback avec Joko 💸,T'as pas Joko ? Alors t'as sûrement déjà perdu 200€. ❌ 💚,"Excusez-moi, vous avez dépensé combien aujourd'hui ? Environ 200€ 200€ ? Ça fait trop non ? Bah non j'utilise une application de cash back qui s'appelle Joko C'est quoi Joko ? C'est une application avant de passer en caisse",curiosity,curiosity,direct_offer,problem_aware,3,yes,http://play.google.com/store/apps/details?id=io.wylr.joko,https://www.facebook.com/ads/library/?id=2648092805611621,
1108624515151155,Joko,FR,video,2026-09-16,14,False,Joko-32,3,Install now,Récupère du cashback avec Joko 💸,T'as pas Joko ? Alors t'as sûrement déjà perdu 200€. ❌ 💚,"Excusez-moi, vous avez dépensé combien aujourd'hui ? Environ 200€ 200€ ? Ça fait trop non ? Bah non j'utilise une application de cash back qui s'appelle Joko C'est quoi Joko ? C'est une application avant de passer en caisse",curiosity,curiosity,direct_offer,problem_aware,3,yes,http://play.google.com/store/apps/details?id=io.wylr.joko,https://www.facebook.com/ads/library/?id=1108624515151155,
2204091453876819,Joko,FR,video,2026-09-17,13,False,Joko-14,1,Learn more,Cherchez moins. Trouvez mieux. ✨,"Payer le bon prix à chaque achat, sans y penser. Joko trouve les meilleures offres et vous fait gagner du cashback, automatiquement. 💚",,bold_claim,desire,direct_offer,solution_aware,1,unknown,https://home.joko.com/fr,https://www.facebook.com/ads/library/?id=2204091453876819,
1389715146612751,Joko,FR,video,2026-09-17,13,False,Joko-31,3,Install now,Récupère du cashback avec Joko 💸,T'as pas Joko ? Alors t'as sûrement déjà perdu 200€. ❌ 💚,,curiosity,pain,direct_offer,problem_aware,3,unknown,http://play.google.com/store/apps/details?id=io.wylr.joko,https://www.facebook.com/ads/library/?id=1389715146612751,
1817169746133656,Joko,FR,video,2026-09-21,9,False,Joko-18,3,Install now,Récupère du cashback avec Joko 💸,Votre shopping récompensé : chaque dépense vous rapporte !,,bold_claim,desire,direct_offer,solution_aware,2,unknown,http://itunes.apple.com/app/id1378996692,https://www.facebook.com/ads/library/?id=1817169746133656,
1461147499408585,Joko,FR,video,2026-09-21,9,False,Joko-18,3,Install now,Récupère du cashback avec Joko 💸,Votre shopping récompensé : chaque dépense vous rapporte !,,bold_claim,desire,direct_offer,solution_aware,2,unknown,http://play.google.com/store/apps/details?id=io.wylr.joko,https://www.facebook.com/ads/library/?id=1461147499408585,
1567027871839964,Joko,FR,video,2026-09-21,9,False,Joko-18,3,Install now,Récupère du cashback avec Joko 💸,Votre shopping récompensé : chaque dépense vous rapporte !,,bold_claim,desire,direct_offer,solution_aware,2,unknown,http://play.google.com/store/apps/details?id=io.wylr.joko,https://www.facebook.com/ads/library/?id=1567027871839964,
2169509863914010,Joko,FR,video,2026-09-21,9,False,Joko-18,3,Install now,Récupère du cashback avec Joko 💸,Votre shopping récompensé : chaque dépense vous rapporte !,,bold_claim,desire,direct_offer,solution_aware,2,unknown,http://itunes.apple.com/app/id1378996692,https://www.facebook.com/ads/library/?id=2169509863914010,
1707545867019066,Joko,FR,video,2026-09-21,9,False,Joko-18,3,Install now,Récupère du cashback avec Joko 💸,Votre shopping récompensé : chaque dépense vous rapporte !,,bold_claim,desire,direct_offer,solution_aware,2,unknown,http://itunes.apple.com/app/id1378996692,https://www.facebook.com/ads/library/?id=1707545867019066,
1055079023813253,Joko,FR,video,2026-09-21,9,False,Joko-18,3,Install now,Récupère du cashback avec Joko 💸,Votre shopping récompensé : chaque dépense vous rapporte !,,bold_claim,desire,direct_offer,solution_aware,2,unknown,http://play.google.com/store/apps/details?id=io.wylr.joko,https://www.facebook.com/ads/library/?id=1055079023813253,
941751978488142,Joko,FR,video,2026-09-21,9,False,Joko-18,3,Install now,Récupère du cashback avec Joko 💸,Votre shopping récompensé : chaque dépense vous rapporte !,,bold_claim,desire,direct_offer,solution_aware,2,unknown,http://play.google.com/store/apps/details?id=io.wylr.joko,https://www.facebook.com/ads/library/?id=941751978488142,
1819570759040079,Joko,FR,video,2026-09-21,9,False,Joko-18,,Install now,Récupère du cashback avec Joko 💸,Votre shopping récompensé : chaque dépense vous rapporte !,,bold_claim,desire,direct_offer,solution_aware,2,unknown,http://play.google.com/store/apps/details?id=io.wylr.joko,https://www.facebook.com/ads/library/?id=1819570759040079,
1974358734032521,Joko,FR,video,2026-09-21,9,False,Joko-35,3,Install now,Récupère du cashback avec Joko 💸,Votre shopping récompensé : chaque dépense vous rapporte !,"Oh yeah Pile, pile Le biais",bold_claim,desire,direct_offer,solution_aware,2,unknown,http://itunes.apple.com/app/id1378996692,https://www.facebook.com/ads/library/?id=1974358734032521,
4658559951042880,Joko,FR,video,2026-09-21,9,False,Joko-52,3,Install now,Récupère du cashback avec Joko 💸,Votre shopping récompensé : chaque dépense vous rapporte !,Oh yeah HILLE HILLE,bold_claim,desire,direct_offer,solution_aware,2,unknown,http://play.google.com/store/apps/details?id=io.wylr.joko,https://www.facebook.com/ads/library/?id=4658559951042880,
1645097110302070,Joko,FR,video,2026-09-22,8,False,Joko-18,3,Install now,Récupère du cashback avec Joko 💸,Votre shopping récompensé : chaque dépense vous rapporte !,,bold_claim,desire,direct_offer,solution_aware,2,unknown,http://play.google.com/store/apps/details?id=io.wylr.joko,https://www.facebook.com/ads/library/?id=1645097110302070,
2186825748529940,Joko,FR,video,2026-09-22,8,False,Joko-18,,Install now,Récupère du cashback avec Joko 💸,Votre shopping récompensé : chaque dépense vous rapporte !,,bold_claim,desire,direct_offer,solution_aware,2,unknown,http://play.google.com/store/apps/details?id=io.wylr.joko,https://www.facebook.com/ads/library/?id=2186825748529940,
1833492068012675,Joko,FR,video,2026-09-28,2,False,Joko-31,3,Install now,Récupère du cashback avec Joko 💸,T'as pas Joko ? Alors t'as sûrement déjà perdu 200€. ❌ 💚,,curiosity,pain,direct_offer,problem_aware,3,unknown,http://itunes.apple.com/app/id1378996692,https://www.facebook.com/ads/library/?id=1833492068012675,
1092866883109031,Joko,FR,video,2026-09-28,2,False,Joko-31,3,Install now,Récupère du cashback avec Joko 💸,T'as pas Joko ? Alors t'as sûrement déjà perdu 200€. ❌ 💚,,curiosity,pain,direct_offer,problem_aware,3,unknown,http://play.google.com/store/apps/details?id=io.wylr.joko,https://www.facebook.com/ads/library/?id=1092866883109031,
1098903299658889,Joko,FR,video,2026-09-28,2,False,Joko-31,3,Install now,Récupère du cashback avec Joko 💸,T'as pas Joko ? Alors t'as sûrement déjà perdu 200€. ❌ 💚,,curiosity,pain,direct_offer,problem_aware,3,unknown,http://play.google.com/store/apps/details?id=io.wylr.joko,https://www.facebook.com/ads/library/?id=1098903299658889,
1104016078771401,Joko,FR,video,2026-09-28,2,False,Joko-31,3,Install now,Récupère du cashback avec Joko 💸,T'as pas Joko ? Alors t'as sûrement déjà perdu 200€. ❌ 💚,,curiosity,pain,direct_offer,problem_aware,3,unknown,http://itunes.apple.com/app/id1378996692,https://www.facebook.com/ads/library/?id=1104016078771401,
1628555855951381,Joko,FR,video,2026-09-28,2,False,Joko-31,,Install now,Récupère du cashback avec Joko 💸,T'as pas Joko ? Alors t'as sûrement déjà perdu 200€. ❌ 💚,,curiosity,pain,direct_offer,problem_aware,3,unknown,http://play.google.com/store/apps/details?id=io.wylr.joko,https://www.facebook.com/ads/library/?id=1628555855951381,
1643079974010672,Joko,FR,video,2026-09-28,2,False,Joko-31,,Install now,Récupère du cashback avec Joko 💸,T'as pas Joko ? Alors t'as sûrement déjà perdu 200€. ❌ 💚,,curiosity,pain,direct_offer,problem_aware,3,unknown,http://play.google.com/store/apps/details?id=io.wylr.joko,https://www.facebook.com/ads/library/?id=1643079974010672,
1407692757449775,Joko,FR,video,2026-09-28,2,False,Joko-37,3,Install now,Récupère du cashback avec Joko 💸,T'as pas Joko ? Alors t'as sûrement déjà perdu 200€. ❌ 💚,"être maman me rapporte de l'argent. Maintenant, pour tous mes achats ou mes cours, j'utilise l'application JOKO. C'est une application qui nous permet de payer en bond d'achat et de récupérer du cashback instantanément. Pour tous mes achats que...",bold_claim,desire,direct_offer,solution_aware,3,yes,http://itunes.apple.com/app/id1378996692,https://www.facebook.com/ads/library/?id=1407692757449775,
1083854997595525,Joko,FR,video,2026-09-28,2,False,Joko-37,3,Install now,Récupère du cashback avec Joko 💸,T'as pas Joko ? Alors t'as sûrement déjà perdu 200€. ❌ 💚,"être maman me rapporte de l'argent. Maintenant, pour tous mes achats ou mes cours, j'utilise l'application JOKO. C'est une application qui nous permet de payer en bond d'achat et de récupérer du cashback instantanément. Pour tous mes achats que...",bold_claim,desire,direct_offer,solution_aware,3,yes,http://play.google.com/store/apps/details?id=io.wylr.joko,https://www.facebook.com/ads/library/?id=1083854997595525,
1386965323647108,Joko,FR,video,2026-09-28,2,False,Joko-37,3,Install now,Récupère du cashback avec Joko 💸,T'as pas Joko ? Alors t'as sûrement déjà perdu 200€. ❌ 💚,"être maman me rapporte de l'argent. Maintenant, pour tous mes achats ou mes cours, j'utilise l'application JOKO. C'est une application qui nous permet de payer en bond d'achat et de récupérer du cashback instantanément. Pour tous mes achats que...",bold_claim,desire,direct_offer,solution_aware,3,yes,http://play.google.com/store/apps/details?id=io.wylr.joko,https://www.facebook.com/ads/library/?id=1386965323647108,
1578561529966320,Joko,FR,video,2026-09-28,2,False,Joko-40,3,Install now,Récupère du cashback avec Joko 💸,T'as pas Joko ? Alors t'as sûrement déjà perdu 200€. ❌ 💚,"Vous allez sur Amazon, vous avez 10% de cache-pack déjà au lieu de 1% activation court.",bold_claim,comparison,direct_offer,solution_aware,3,no,http://itunes.apple.com/app/id1378996692,https://www.facebook.com/ads/library/?id=1578561529966320,
1447730997216193,Joko,FR,video,2026-09-28,2,False,Joko-40,3,Install now,Récupère du cashback avec Joko 💸,T'as pas Joko ? Alors t'as sûrement déjà perdu 200€. ❌ 💚,"Vous allez sur Amazon, vous avez 10% de cache-pack déjà au lieu de 1% activation court.",bold_claim,comparison,direct_offer,solution_aware,3,no,http://play.google.com/store/apps/details?id=io.wylr.joko,https://www.facebook.com/ads/library/?id=1447730997216193,
3679286435552569,Joko,FR,video,2026-09-28,2,False,Joko-40,3,Install now,Récupère du cashback avec Joko 💸,T'as pas Joko ? Alors t'as sûrement déjà perdu 200€. ❌ 💚,"Vous allez sur Amazon, vous avez 10% de cache-pack déjà au lieu de 1% activation court.",bold_claim,comparison,direct_offer,solution_aware,3,no,http://play.google.com/store/apps/details?id=io.wylr.joko,https://www.facebook.com/ads/library/?id=3679286435552569,
2277473956383758,Joko,FR,video,2026-09-29,1,False,Joko-31,1,Install now,Récupère du cashback avec Joko 💸,T'as pas Joko ? Alors t'as sûrement déjà perdu 200€. ❌ 💚,,curiosity,pain,direct_offer,problem_aware,3,unknown,http://play.google.com/store/apps/details?id=io.wylr.joko,https://www.facebook.com/ads/library/?id=2277473956383758,
1645667763781766,Joko,FR,video,2026-09-29,1,False,Joko-31,1,Install now,Récupère du cashback avec Joko 💸,T'as pas Joko ? Alors t'as sûrement déjà perdu 200€. ❌ 💚,,curiosity,pain,direct_offer,problem_aware,3,unknown,http://play.google.com/store/apps/details?id=io.wylr.joko,https://www.facebook.com/ads/library/?id=1645667763781766,
4299064843562481,Joko,FR,video,2026-09-29,1,False,Joko-31,1,Install now,Récupère du cashback avec Joko 💸,T'as pas Joko ? Alors t'as sûrement déjà perdu 200€. ❌ 💚,,curiosity,pain,direct_offer,problem_aware,3,unknown,http://play.google.com/store/apps/details?id=io.wylr.joko,https://www.facebook.com/ads/library/?id=4299064843562481,
1502287111934403,Joko,FR,video,2026-09-29,1,False,Joko-31,1,Install now,Récupère du cashback avec Joko 💸,T'as pas Joko ? Alors t'as sûrement déjà perdu 200€. ❌ 💚,,curiosity,pain,direct_offer,problem_aware,3,unknown,http://play.google.com/store/apps/details?id=io.wylr.joko,https://www.facebook.com/ads/library/?id=1502287111934403,
28633625306300557,Joko,FR,static,2026-09-29,1,False,Joko-38,1,Install now,Récupère du cashback avec Joko 💸,T'as pas Joko ? Alors t'as sûrement déjà perdu 200€. ❌ 💚,,curiosity,pain,direct_offer,problem_aware,3,no,http://play.google.com/store/apps/details?id=io.wylr.joko,https://www.facebook.com/ads/library/?id=28633625306300557,
1504006988415864,Joko,FR,static,2026-09-29,1,False,Joko-38,1,Install now,Récupère du cashback avec Joko 💸,T'as pas Joko ? Alors t'as sûrement déjà perdu 200€. ❌ 💚,,curiosity,pain,direct_offer,problem_aware,3,no,http://play.google.com/store/apps/details?id=io.wylr.joko,https://www.facebook.com/ads/library/?id=1504006988415864,
1627529902197946,Joko,FR,video,2026-09-29,1,False,Joko-45,1,Install now,Récupère du cashback avec Joko 💸,T'as pas Joko ? Alors t'as sûrement déjà perdu 200€. ❌ 💚,"Le ticket fait 118 balles, j'en récupère 9. Je mets exactement la même chose dans le caddy chaque semaine. Les mêmes trucs et je paye 30 euros de plus qu'avant. J'ai pas réduit mes cours, il n'y a plus rien à couper, donc je fais rien de spécial.",pain_point,pain,direct_offer,problem_aware,3,yes,http://play.google.com/store/apps/details?id=io.wylr.joko,https://www.facebook.com/ads/library/?id=1627529902197946,
1128890549671254,Joko,FR,video,2026-09-29,1,False,Joko-46,1,Install now,Récupère du cashback avec Joko 💸,T'as pas Joko ? Alors t'as sûrement déjà perdu 200€. ❌ 💚,"On est le 28 du mois et j'ai toujours pas dit non à l'apéro sauf que bah mon compte lui, il aimerait bien que je dise non. Du coup maintenant ce que je fais c'est que j'ai récupéré du cashback.",pain_point,pain,direct_offer,problem_aware,3,yes,http://play.google.com/store/apps/details?id=io.wylr.joko,https://www.facebook.com/ads/library/?id=1128890549671254,
1098424342731962,Joko,FR,video,2026-09-29,1,False,Joko-47,1,Install now,Récupère du cashback avec Joko 💸,T'as pas Joko ? Alors t'as sûrement déjà perdu 200€. ❌ 💚,You should know I need someone to hold me,curiosity,pain,direct_offer,problem_aware,3,unknown,http://play.google.com/store/apps/details?id=io.wylr.joko,https://www.facebook.com/ads/library/?id=1098424342731962,
1589453729051885,Joko,FR,video,2026-09-29,1,False,Joko-48,1,Install now,Récupère du cashback avec Joko 💸,T'as pas Joko ? Alors t'as sûrement déjà perdu 200€. ❌ 💚,La la la la la Wait till I give my money right I had a dream I could buy my way to heaven,curiosity,pain,direct_offer,problem_aware,3,unknown,http://play.google.com/store/apps/details?id=io.wylr.joko,https://www.facebook.com/ads/library/?id=1589453729051885,
1564266538219189,Joko,FR,video,2026-09-29,1,False,Joko-50,1,Install now,Récupère du cashback avec Joko 💸,T'as pas Joko ? Alors t'as sûrement déjà perdu 200€. ❌ 💚,"Fin du mois, ne fais reçus le compte mais t'inquiète pas que l'apéro il est bel et bien prévu et maintenu. Enfin on va pas se cacher la fin du mois, c'est toujours violent, mais y'a la terrasse qui m'attend avec les potes. Honnêtement, obligez d'y aller.",pain_point,pain,direct_offer,problem_aware,3,yes,http://play.google.com/store/apps/details?id=io.wylr.joko,https://www.facebook.com/ads/library/?id=1564266538219189,
1557792719002807,Joko,FR,video,2026-09-29,1,False,Joko-51,1,Install now,Récupère du cashback avec Joko 💸,T'as pas Joko ? Alors t'as sûrement déjà perdu 200€. ❌ 💚,"Les cinq dépenses que je fais toujours avec du cashback, déjà la déco ou les meubles, quitte à dépenser autant récupérer une partie derrière. En deuxième, les courses, et c'est pour ça que j'utilise Joko, c'est que je peux rentrer ma carte bleue directement.",how_to,desire,direct_offer,solution_aware,3,yes,http://play.google.com/store/apps/details?id=io.wylr.joko,https://www.facebook.com/ads/library/?id=1557792719002807,
1595481345451150,Joko,FR,video,2026-09-30,0,False,Joko-02,3,Install now,Récupère ton argent,T’as pas Joko ? Alors t’as sûrement déjà perdu 200€. ❌ 💚,"T'as envie de te faire plaisir, mais les courses coûtent trop cher. Attends, tu peux récupérer de larges sur tes courses S Grasse à Jocot.",pain_point,pain,direct_offer,problem_aware,3,yes,http://itunes.apple.com/app/id1378996692,https://www.facebook.com/ads/library/?id=1595481345451150,
4011580852485002,Joko,FR,video,2026-09-30,0,False,Joko-02,3,Install now,Récupère ton argent,T’as pas Joko ? Alors t’as sûrement déjà perdu 200€. ❌ 💚,"T'as envie de te faire plaisir, mais les courses coûtent trop cher. Attends, tu peux récupérer de larges sur tes courses S Grasse à Jocot.",pain_point,pain,direct_offer,problem_aware,3,yes,http://itunes.apple.com/app/id1378996692,https://www.facebook.com/ads/library/?id=4011580852485002,
2573333863128272,Joko,FR,carousel,2026-09-30,0,False,Joko-03,3,Install now,Récupère ton argent,T’as pas Joko ? Alors t’as sûrement déjà perdu 200€. ❌ 💚,,curiosity,pain,direct_offer,problem_aware,3,no,http://itunes.apple.com/app/id1378996692,https://www.facebook.com/ads/library/?id=2573333863128272,
3281008655621271,Joko,FR,carousel,2026-09-30,0,False,Joko-03,,Install now,Récupère ton argent,T’as pas Joko ? Alors t’as sûrement déjà perdu 200€. ❌ 💚,,curiosity,pain,direct_offer,problem_aware,3,no,http://itunes.apple.com/app/id1378996692,https://www.facebook.com/ads/library/?id=3281008655621271,
1437053414986234,Joko,FR,video,2026-09-30,0,False,Joko-04,3,Install now,Récupère ton argent,T’as pas Joko ? Alors t’as sûrement déjà perdu 200€. ❌ 💚,"Si tu fais tes cours chez Leclerc, je te montre comment gagner un max d'argent. Et ça, bah, à chaque passage en quête. Ça, j'ai tout simplement téléchargé l'application Joko, du coup qui te permet...",how_to,desire,direct_offer,solution_aware,3,yes,http://itunes.apple.com/app/id1378996692,https://www.facebook.com/ads/library/?id=1437053414986234,
2277689779753316,Joko,FR,video,2026-09-30,0,False,Joko-04,3,Install now,Récupère ton argent,T’as pas Joko ? Alors t’as sûrement déjà perdu 200€. ❌ 💚,"Si tu fais tes cours chez Leclerc, je te montre comment gagner un max d'argent. Et ça, bah, à chaque passage en quête. Ça, j'ai tout simplement téléchargé l'application Joko, du coup qui te permet...",how_to,desire,direct_offer,solution_aware,3,yes,http://itunes.apple.com/app/id1378996692,https://www.facebook.com/ads/library/?id=2277689779753316,
1609110767327566,Joko,FR,video,2026-09-30,0,False,Joko-05,3,Install now,Récupère du cashback avec Joko 💸,T’as pas Joko ? Alors t’as sûrement déjà perdu 200€. ❌ 💚,,curiosity,pain,direct_offer,problem_aware,3,unknown,http://itunes.apple.com/app/id1378996692,https://www.facebook.com/ads/library/?id=1609110767327566,
1293934783809200,Joko,FR,video,2026-09-30,0,False,Joko-05,3,Install now,Récupère du cashback avec Joko 💸,T’as pas Joko ? Alors t’as sûrement déjà perdu 200€. ❌ 💚,,curiosity,pain,direct_offer,problem_aware,3,unknown,http://itunes.apple.com/app/id1378996692,https://www.facebook.com/ads/library/?id=1293934783809200,
3476124282549144,Joko,FR,video,2026-09-30,0,False,Joko-05,3,Install now,Récupère du cashback avec Joko 💸,T’as pas Joko ? Alors t’as sûrement déjà perdu 200€. ❌ 💚,,curiosity,pain,direct_offer,problem_aware,3,unknown,http://itunes.apple.com/app/id1378996692,https://www.facebook.com/ads/library/?id=3476124282549144,
956128623563591,Joko,FR,video,2026-09-30,0,False,Joko-05,3,Install now,Récupère du cashback avec Joko 💸,T’as pas Joko ? Alors t’as sûrement déjà perdu 200€. ❌ 💚,,curiosity,pain,direct_offer,problem_aware,3,unknown,http://itunes.apple.com/app/id1378996692,https://www.facebook.com/ads/library/?id=956128623563591,
1094646589980608,Joko,FR,video,2026-09-30,0,False,Joko-05,3,Install now,Récupère du cashback avec Joko 💸,T’as pas Joko ? Alors t’as sûrement déjà perdu 200€. ❌ 💚,,curiosity,pain,direct_offer,problem_aware,3,unknown,http://itunes.apple.com/app/id1378996692,https://www.facebook.com/ads/library/?id=1094646589980608,
1799661117708545,Joko,FR,video,2026-09-30,0,False,Joko-05,3,Install now,Récupère du cashback avec Joko 💸,T’as pas Joko ? Alors t’as sûrement déjà perdu 200€. ❌ 💚,,curiosity,pain,direct_offer,problem_aware,3,unknown,http://itunes.apple.com/app/id1378996692,https://www.facebook.com/ads/library/?id=1799661117708545,
1403244534579254,Joko,FR,video,2026-09-30,0,False,Joko-06,3,Install now,Récupère ton argent,T’as pas Joko ? Alors t’as sûrement déjà perdu 200€. ❌ 💚,,curiosity,pain,direct_offer,problem_aware,3,unknown,http://itunes.apple.com/app/id1378996692,https://www.facebook.com/ads/library/?id=1403244534579254,
1722657468825528,Joko,FR,video,2026-09-30,0,False,Joko-06,4,Install now,Récupère ton argent,T’as pas Joko ? Alors t’as sûrement déjà perdu 200€. ❌ 💚,,curiosity,pain,direct_offer,problem_aware,3,unknown,http://itunes.apple.com/app/id1378996692,https://www.facebook.com/ads/library/?id=1722657468825528,
1539346414623906,Joko,FR,video,2026-09-30,0,False,Joko-06,4,Install now,Récupère ton argent,T’as pas Joko ? Alors t’as sûrement déjà perdu 200€. ❌ 💚,,curiosity,pain,direct_offer,problem_aware,3,unknown,http://itunes.apple.com/app/id1378996692,https://www.facebook.com/ads/library/?id=1539346414623906,
1442278231117846,Joko,FR,video,2026-09-30,0,False,Joko-06,3,Install now,Récupère ton argent,T’as pas Joko ? Alors t’as sûrement déjà perdu 200€. ❌ 💚,,curiosity,pain,direct_offer,problem_aware,3,unknown,http://itunes.apple.com/app/id1378996692,https://www.facebook.com/ads/library/?id=1442278231117846,
1655928036143030,Joko,FR,video,2026-09-30,0,False,Joko-06,3,Install now,Récupère ton argent,T’as pas Joko ? Alors t’as sûrement déjà perdu 200€. ❌ 💚,,curiosity,pain,direct_offer,problem_aware,3,unknown,http://itunes.apple.com/app/id1378996692,https://www.facebook.com/ads/library/?id=1655928036143030,
2640943242989559,Joko,FR,video,2026-09-30,0,False,Joko-06,3,Install now,Récupère ton argent,T’as pas Joko ? Alors t’as sûrement déjà perdu 200€. ❌ 💚,,curiosity,pain,direct_offer,problem_aware,3,unknown,http://itunes.apple.com/app/id1378996692,https://www.facebook.com/ads/library/?id=2640943242989559,
1375636234731908,Joko,FR,video,2026-09-30,0,False,Joko-08,3,Install now,Récupère ton argent,T’as pas Joko ? Alors t’as sûrement déjà perdu 200€. ❌ 💚,Toi aussi tu peux décorcher un père marché voilà qu'on m'a dit que tu perds de l'argent à chaque passage en caisse Grâce à Joe Codre et que tu perds de l'argent à chaque passage en caisse Ce qui est bien c'est que c'est valable dans des milliers d'anciens...,how_to,desire,direct_offer,solution_aware,3,yes,http://itunes.apple.com/app/id1378996692,https://www.facebook.com/ads/library/?id=1375636234731908,
1691260636342865,Joko,FR,video,2026-09-30,0,False,Joko-08,3,Install now,Récupère ton argent,T’as pas Joko ? Alors t’as sûrement déjà perdu 200€. ❌ 💚,Toi aussi tu peux décorcher un père marché voilà qu'on m'a dit que tu perds de l'argent à chaque passage en caisse Grâce à Joe Codre et que tu perds de l'argent à chaque passage en caisse Ce qui est bien c'est que c'est valable dans des milliers d'anciens...,how_to,desire,direct_offer,solution_aware,3,yes,http://itunes.apple.com/app/id1378996692,https://www.facebook.com/ads/library/?id=1691260636342865,
1961996371852144,Joko,FR,video,2026-09-30,0,False,Joko-09,3,Install now,Récupère du cashback avec Joko 💸,T’as pas Joko ? Alors t’as sûrement déjà perdu 200€. ❌ 💚,"Si c'est pas indiscret, il te reste combien d'argent à la fin du mois ? Il doit me rester environ 350 euros. Et comment tu fais tes risques ? En ce moment, j'utilise l'application qui s'appelle Jocot. Il propose des bonds d'achat et donc ça va être...",curiosity,curiosity,direct_offer,problem_aware,3,yes,http://itunes.apple.com/app/id1378996692,https://www.facebook.com/ads/library/?id=1961996371852144,
1807264067132914,Joko,FR,video,2026-09-30,0,False,Joko-09,3,Install now,Récupère du cashback avec Joko 💸,T’as pas Joko ? Alors t’as sûrement déjà perdu 200€. ❌ 💚,"Si c'est pas indiscret, il te reste combien d'argent à la fin du mois ? Il doit me rester environ 350 euros. Et comment tu fais tes risques ? En ce moment, j'utilise l'application qui s'appelle Jocot. Il propose des bonds d'achat et donc ça va être...",curiosity,curiosity,direct_offer,problem_aware,3,yes,http://itunes.apple.com/app/id1378996692,https://www.facebook.com/ads/library/?id=1807264067132914,
1069725055970942,Joko,FR,static,2026-09-30,0,False,Joko-10,5,Install now,Votre shopping récompensé : chaque dépense vous rapporte!,Votre shopping récompensé : chaque dépense vous rapporte!,,bold_claim,desire,direct_offer,solution_aware,2,no,http://itunes.apple.com/app/id1378996692,https://www.facebook.com/ads/library/?id=1069725055970942,
4031382490325797,Joko,FR,static,2026-09-30,0,False,Joko-10,5,Install now,Votre shopping récompensé : chaque dépense vous rapporte!,Votre shopping récompensé : chaque dépense vous rapporte!,,bold_claim,desire,direct_offer,solution_aware,2,no,http://itunes.apple.com/app/id1378996692,https://www.facebook.com/ads/library/?id=4031382490325797,
1737660433974434,Joko,FR,video,2026-09-30,0,False,Joko-11,5,Install now,Récupère ton argent,T’as pas Joko ? Alors t’as sûrement déjà perdu 200€. ❌ 💚,"Je pensais que mes courses allaient tout pomper. Attends, j'ai au coma rendu du cashback.",pain_point,pain,direct_offer,problem_aware,3,yes,http://itunes.apple.com/app/id1378996692,https://www.facebook.com/ads/library/?id=1737660433974434,
1048636798166909,Joko,FR,video,2026-09-30,0,False,Joko-11,5,Install now,Récupère ton argent,T’as pas Joko ? Alors t’as sûrement déjà perdu 200€. ❌ 💚,"Je pensais que mes courses allaient tout pomper. Attends, j'ai au coma rendu du cashback.",pain_point,pain,direct_offer,problem_aware,3,yes,http://itunes.apple.com/app/id1378996692,https://www.facebook.com/ads/library/?id=1048636798166909,
1823466142338882,Joko,FR,video,2026-09-30,0,False,Joko-13,3,Install now,Récupère du cashback avec Joko 💸,T’as pas Joko ? Alors t’as sûrement déjà perdu 200€. ❌ 💚,n'achetez rien sur Amazon avant de voir ça.,curiosity,curiosity,direct_offer,problem_aware,3,yes,http://itunes.apple.com/app/id1378996692,https://www.facebook.com/ads/library/?id=1823466142338882,
1064928013082668,Joko,FR,video,2026-09-30,0,False,Joko-13,3,Install now,Récupère du cashback avec Joko 💸,T’as pas Joko ? Alors t’as sûrement déjà perdu 200€. ❌ 💚,n'achetez rien sur Amazon avant de voir ça.,curiosity,curiosity,direct_offer,problem_aware,3,yes,http://itunes.apple.com/app/id1378996692,https://www.facebook.com/ads/library/?id=1064928013082668,
980828145033764,Joko,FR,static,2026-09-30,0,False,Joko-15,5,Install now,💰 Gagnez du cashback avec Joko,"💸 Et si vos achats vous rapportaient du cashback ? Avec Joko, profitez de cashback et de codes promo sur vos achats en ligne et en magasin. 🛍️",,question,desire,direct_offer,problem_aware,3,no,http://itunes.apple.com/app/id1378996692,https://www.facebook.com/ads/library/?id=980828145033764,
28360303846997357,Joko,FR,static,2026-09-30,0,False,Joko-15,5,Install now,💰 Gagnez du cashback avec Joko,"💸 Et si vos achats vous rapportaient du cashback ? Avec Joko, profitez de cashback et de codes promo sur vos achats en ligne et en magasin. 🛍️",,question,desire,direct_offer,problem_aware,3,no,http://itunes.apple.com/app/id1378996692,https://www.facebook.com/ads/library/?id=28360303846997357,
962492546211379,Joko,FR,video,2026-09-30,0,False,Joko-24,3,Install app,Récupère ton argent,T’as pas Joko ? Alors t’as sûrement déjà perdu 200€. ❌ 💚,,curiosity,pain,direct_offer,problem_aware,3,unknown,http://itunes.apple.com/app/id1378996692,https://www.facebook.com/ads/library/?id=962492546211379,
3374783516061573,Joko,FR,video,2026-09-30,0,False,Joko-24,3,Install app,Récupère ton argent,T’as pas Joko ? Alors t’as sûrement déjà perdu 200€. ❌ 💚,,curiosity,pain,direct_offer,problem_aware,3,unknown,http://itunes.apple.com/app/id1378996692,https://www.facebook.com/ads/library/?id=3374783516061573,
1082835437967698,Joko,FR,video,2026-09-30,0,False,Joko-41,1,Install now,,"J'ai trouvé une app qui me paie littéralement pour faire mes courses 🛒 
Joko te rembourse une partie de tes achats à chaque passage en caisse, dans des tonnes d'enseignes. J'ai déjà récupéré 73€ sans rien changer à mes habitudes sauf que maintenant je me fais plus plaisir. 
Franchement c'est trop bien 🤩🤩","J'ai trouvé une ade qui me paye pour faire mes courses ! Attends, je t'explique. Aujourd'hui, je me suis fait plaisir. Et avec les temps qui court, tu dis certainement que la note a dû être salée. Bah, pas avec Joko. J-",bold_claim,desire,direct_offer,solution_aware,3,yes,http://itunes.apple.com/app/id1378996692,https://www.facebook.com/ads/library/?id=1082835437967698,
1845767243536526,Joko,FR,video,2026-09-30,0,False,Joko-42,1,Install now,,"@joko_fr le meilleur moyen de récupérer des sous sur ses achats du quotidien sans rien changer à vos habitudes !

#collaboration #joko #cashback #economie #bonplan","Je regardais mon compte en banque ce matin. J'avais jamais réalisé tout l'argent que je pouvais récupérer. En fait, avec Joko, mes achats du quotidien me rapportent du cash back sans que je ne change rien à mes habitudes.",curiosity,desire,direct_offer,solution_aware,3,yes,http://itunes.apple.com/app/id1378996692,https://www.facebook.com/ads/library/?id=1845767243536526,
1755946202111599,Joko,FR,video,2026-09-30,0,False,Joko-43,1,Install now,,"Tu as déjà testé l’application de cashback @joko_fr ? C’est la première fois que j’utilise une applis de cashback aussi simple tu peux même connecter ton compte en banque pour quand tu paie en CB au magasin et avoir du cash direct sur t’es achats !! 💶

#mamande3 #bonplanmaman #cashback #vraiviedeparents","Si t'as des enfants, arrête de faire des achats sans utiliser l'application Jocot, tu perds de l'argent. On va pas se mentir entre le renouvellement des vêtements qui rétrécissent tous les trois mois, les courses alimentaires, les achats pour les anniversaires, le bu...",pain_point,pain,direct_offer,problem_aware,3,yes,http://itunes.apple.com/app/id1378996692,https://www.facebook.com/ads/library/?id=1755946202111599,
1629492945237474,Joko,FR,video,2026-09-30,0,False,Joko-44,1,Install now,,"Les économies, ce n’est pas forcément faire moins… parfois, c’est juste récupérer un peu d’argent sur des achats qu’on allait faire de toute façon 🤍

Avec 3 enfants, les dépenses s’enchaînent vite : courses, vêtements, cadeaux d’anniversaire… Alors quand je peux récupérer un peu de cashback, je ne vais pas dire non 🫣

JOKO est devenu un réflexe avant mes achats, que ce soit en ligne ou en magasin. Ça me prend quelques secondes et, au fil des mois, ça fait toujours plaisir de voir la cagnotte augmenter.

Je vous partage rarement ce genre de bons plans, mais celui-ci fait vraiment partie de mon quotidien, alors je me suis dit que ça pourrait aussi vous être utile 🫶🏻

Vous connaissiez déjà JOKO ? Dites-moi en commentaire quel est VOTRE meilleur bon plan pour économiser au quotidien, je suis toujours preneuse ⬇️

#BonPlan #Cashback #Maman #Economies #VieDeFamille","Vous voyez les courses qui coûtent de plus en plus cher ? Bah, moi je vois les petites économies que j'arrive encore à récupérer. Avec trois enfants, le budget art très...",pain_point,pain,direct_offer,problem_aware,3,yes,http://itunes.apple.com/app/id1378996692,https://www.facebook.com/ads/library/?id=1629492945237474,
1405203535079746,Joko,FR,video,2026-09-30,0,False,Joko-49,1,Install now,,Votre signe de télécharger @joko_fr 👀 #Joko #collaborationcommerciale,"Franchement, moi aussi je pensais que Djoko c'était du fake mais pas du tout, j'ai simplement lié ma carte à mon compte. Maintenant quand je fais mes assas habituels, mes cours, du shopping, c'est du cashback qui est automatiquement...",curiosity,social_proof,direct_offer,product_aware,3,yes,http://itunes.apple.com/app/id1378996692,https://www.facebook.com/ads/library/?id=1405203535079746,
1111988154711564,Joko,FR,video,2026-09-30,0,False,Joko-53,1,Install now,,"Collaboration commerciale
Je vous montre une astuce que j’aurais aimé connaître bien plus tôt… 👀
Une petite habitude qui change vraiment la manière de gérer son argent, surtout quand on veut arrêter de perdre bêtement des frais. 📱✨ @joko_fr 

#astucebudget #apputile #bonplan","Cette année, j'aurai deux paires de l'argent. Toi, si tu dépenses chez Alondo, Adidas, Témis, des Catalan, Carrefour, Céforin, tu te désolées, mais tu auras du cashback à chaque achat. J'ai installé Jocot, une application qui te rend pour...",how_to,desire,direct_offer,solution_aware,3,yes,http://itunes.apple.com/app/id1378996692,https://www.facebook.com/ads/library/?id=1111988154711564,
1068634229315260,Joko,FR,video,2026-09-30,0,False,Joko-54,1,Install now,,"Je suis dépensière et clairement, Mya n’arrange pas les choses 😂💸

Si toi aussi tu as tendance à craquer facilement, autant récupérer un peu de cashback sur tes achats avec @joko_fr 👀

#ugcfrance #creatriceugc #bonplan #viedemaman #cashback

~ Collaboration commerciale rémunérée ~","On est d'accord, les enfants, ça coûte cher. Bah moi j'ai trouvé une technique pour continuer à craquer pour ma fille sans culpabiliser parce que dès que je vois un truc trop mignon pour elle, même si elle en a pas...",pain_point,pain,direct_offer,problem_aware,3,yes,http://itunes.apple.com/app/id1378996692,https://www.facebook.com/ads/library/?id=1068634229315260,
2339856876759410,Joko,FR,video,2026-09-30,0,False,Joko-55,1,Install now,,"On a tous une petite astuce qui nous fait économiser quelques euros au quotidien… et à la fin du mois ça compte ! 🙈💸

Depuis que j'utilise @joko_fr j'ai déjà accumulé une belle somme en cashback sans changer mes habitudes d'achat.

Franchement c'est toujours ça de gagné ! 💛
Je t'invite à télécharger l'application elle est gratuite et te permet de récupérer du cashback sur certains de tes achats du quotidien.

Et toi c'est quoi LE bon plan dont tu ne pourrais plus te passer ?

Je veux découvrir vos meilleures astuces en commentaire ! 👇✨

Collaboration rémunérée","Vous voulez savoir le bon plan que j'utilise le plus avec 3 enfants ? Avec 3 enfants, il y a beaucoup de dépenses au quotidien, que ce soit les courses, les vêtements, les cadeaux d'anniversaire, alors le but...",curiosity,desire,direct_offer,solution_aware,3,yes,http://itunes.apple.com/app/id1378996692,https://www.facebook.com/ads/library/?id=2339856876759410,
1093800920014751,Joko,FR,video,2026-09-30,0,False,Joko-56,1,Install now,,"Bon plan anti gaspillage 😊💚

@joko_fr 

#ugc #joko 

Collaboration commerciale rémunérée *","Donc on est tous les bons plans pour payer moins cher, mais peu de personnes pensent à récupérer de l'argent après avoir acheté. On passe notre temps à chercher des promotions, des côtes-promots, des réductions, mais au final, uva l'achat terminé, on ne peut pas...",curiosity,desire,direct_offer,solution_aware,3,yes,http://itunes.apple.com/app/id1378996692,https://www.facebook.com/ads/library/?id=1093800920014751,
3054692088217247,Joko,FR,video,2026-09-30,0,False,Joko-57,1,Install now,,@joko_fr 💚,"Tout aussi tu peux décorcher un père marché, voilà comment tu perds de l'argent à chaque passage en caisse. Grâce à Diocon, récuteur de l'argent à chaque passage en caisse. Et ce qui est bien, c'est que c'est valable dans des milliers d'anciens...",how_to,desire,direct_offer,solution_aware,3,yes,http://itunes.apple.com/app/id1378996692,https://www.facebook.com/ads/library/?id=3054692088217247,
3497568283752229,Joko,FR,video,2026-09-30,0,False,Joko-58,1,Install now,,"@joko_fr 💚

#ugc #cashback

Collaboration commerciale rémunérée","Pendant longtemps, je paye mes courses et mes achats en ligne sans me poser de questions. Pour moi, le prix affiché, c'était le prix final. Et je passe sûrement à côté de pas mal d'économies. Un jour, une amie va parler de JOKO au débat.",curiosity,pain,direct_offer,problem_aware,3,yes,http://itunes.apple.com/app/id1378996692,https://www.facebook.com/ads/library/?id=3497568283752229,
1072502582420424,Joko,FR,video,2026-09-30,0,False,Joko-59,1,Install now,,"Je fais mes courses comme d’habitude… mais maintenant je récupère de l’argent à chaque passage en caisse 🛒✨
Franchement je ne connaissais pas avant et ça change tout 😅

#Joko #Cashback #BonPlan #Intermarché #UGC 

Collaboration Commerciale rémunérée*","Je suis pétécours, je suis intermarchée. Voici comment j'ai récupéré de l'argent à chaque passage en caisse. J'ai installé Joko, une appli qui te rembourse une partie de tes achats dans des milliers d'enseignes.",how_to,desire,direct_offer,solution_aware,3,yes,http://itunes.apple.com/app/id1378996692,https://www.facebook.com/ads/library/?id=1072502582420424,
1989324251749715,Joko,FR,video,2026-09-30,0,False,Joko-60,1,Install now,,"Bon plans maman x @joko_fr 

Le meilleur bon plan, c’est celui qui te fait économiser sur des achats que tu fais déjà. 🙌

En tant que maman, chaque petite économie compte. Avant mes courses ou certains achats pour la famille, je pense désormais à regarder sur Joko pour récupérer du cashback. C’est devenu un réflexe !

Si vous aimez les bons plans du quotidien, celui-ci vaut vraiment le détour. 💛

#Joko #Cashback #BonPlan #budgetfamille 

Collaboration commerciale rémunérée *","Si vous avez des enfants, vous savez que les dépenses s'accumulent vite. Alors si je peux récupérer un peu d'argent sur des achats que j'ai fait déjà, Je ne dis jamais non. Moi j'utilise jocos pour mes courses, les vêtements de ma fille ou...",pain_point,pain,direct_offer,problem_aware,3,yes,http://itunes.apple.com/app/id1378996692,https://www.facebook.com/ads/library/?id=1989324251749715,
2114777669406241,Joko,FR,catalog,2026-09-30,0,False,,3,Install now,{{product.name}},{{product.brand}},,,,,,,,http://itunes.apple.com/app/id1378996692,https://www.facebook.com/ads/library/?id=2114777669406241,"catalog ad (product template, not labeled)"
1401128364822103,Joko,FR,catalog,2026-09-30,0,False,,,Install now,{{product.name}},{{product.brand}},,,,,,,,http://itunes.apple.com/app/id1378996692,https://www.facebook.com/ads/library/?id=1401128364822103,"catalog ad (product template, not labeled)"
